{
    "logs": [
        {
            "outputFile": "C:\\Users\\Niranjan PC\\Desktop\\Object Detection\\Android\\ThirdEye\\app\\build\\intermediates\\incremental\\mergeDebugResources\\merged.dir\\values-as\\values-as.xml",
            "map": [
                {
                    "source": "C:\\Users\\Niranjan PC\\.gradle\\caches\\transforms-2\\files-2.1\\e91594602c73eba9f0c6fb1745d43dba\\core-1.1.0\\res\\values-as\\values-as.xml",
                    "from": {
                        "startLines": "2",
                        "startColumns": "4",
                        "startOffsets": "55",
                        "endColumns": "100",
                        "endOffsets": "151"
                    },
                    "to": {
                        "startLines": "48",
                        "startColumns": "4",
                        "startOffsets": "5532",
                        "endColumns": "100",
                        "endOffsets": "5628"
                    }
                },
                {
                    "source": "C:\\Users\\Niranjan PC\\.gradle\\caches\\transforms-2\\files-2.1\\53af1f37d65227eb5bcf361cc28c52ea\\appcompat-1.1.0\\res\\values-as\\values-as.xml",
                    "from": {
                        "startLines": "2,3,4,5,6,7,8,9,10,11,12,13,14,15,16,17,18,19,20,21,22,23,24,25,26,27,28,29",
                        "startColumns": "4,4,4,4,4,4,4,4,4,4,4,4,4,4,4,4,4,4,4,4,4,4,4,4,4,4,4,4",
                        "startOffsets": "105,213,312,419,510,612,732,809,885,976,1068,1163,1257,1358,1451,1546,1640,1731,1822,1907,2020,2128,2227,2336,2452,2572,2739,2841",
                        "endColumns": "107,98,106,90,101,119,76,75,90,91,94,93,100,92,94,93,90,90,84,112,107,98,108,115,119,166,101,81",
                        "endOffsets": "208,307,414,505,607,727,804,880,971,1063,1158,1252,1353,1446,1541,1635,1726,1817,1902,2015,2123,2222,2331,2447,2567,2734,2836,2918"
                    },
                    "to": {
                        "startLines": "2,3,4,5,6,7,8,9,10,11,12,13,14,15,16,17,18,19,20,21,22,23,24,25,26,27,28,47",
                        "startColumns": "4,4,4,4,4,4,4,4,4,4,4,4,4,4,4,4,4,4,4,4,4,4,4,4,4,4,4,4",
                        "startOffsets": "105,213,312,419,510,612,732,809,885,976,1068,1163,1257,1358,1451,1546,1640,1731,1822,1907,2020,2128,2227,2336,2452,2572,2739,5450",
                        "endColumns": "107,98,106,90,101,119,76,75,90,91,94,93,100,92,94,93,90,90,84,112,107,98,108,115,119,166,101,81",
                        "endOffsets": "208,307,414,505,607,727,804,880,971,1063,1158,1252,1353,1446,1541,1635,1726,1817,1902,2015,2123,2222,2331,2447,2567,2734,2836,5527"
                    }
                },
                {
                    "source": "C:\\Users\\Niranjan PC\\.gradle\\caches\\transforms-2\\files-2.1\\d014c553055b6d9fe1cb459e928379d0\\jetified-play-services-basement-16.1.0\\res\\values-as\\values.xml",
                    "from": {
                        "startLines": "4",
                        "startColumns": "0",
                        "startOffsets": "247",
                        "endColumns": "184",
                        "endOffsets": "431"
                    },
                    "to": {
                        "startLines": "37",
                        "startColumns": "4",
                        "startOffsets": "3971",
                        "endColumns": "184",
                        "endOffsets": "4151"
                    }
                },
                {
                    "source": "C:\\Users\\Niranjan PC\\.gradle\\caches\\transforms-2\\files-2.1\\5b125700d43ec4bd67ed283e8e34946d\\jetified-play-services-base-16.0.1\\res\\values-as\\values.xml",
                    "from": {
                        "startLines": "4,5,6,7,8,9,10,11,12,13,14,15,16,17,18,19,20",
                        "startColumns": "0,0,0,0,0,0,0,0,0,0,0,0,0,0,0,0,0",
                        "startOffsets": "245,351,536,657,765,954,1074,1213,1351,1553,1659,1839,1961,2152,2331,2417,2509",
                        "endColumns": "105,184,120,107,188,119,138,137,201,105,179,121,190,178,85,91,111",
                        "endOffsets": "350,535,656,764,953,1073,1212,1350,1552,1658,1838,1960,2151,2330,2416,2508,2620"
                    },
                    "to": {
                        "startLines": "29,30,31,32,33,34,35,36,38,39,40,41,42,43,44,45,46",
                        "startColumns": "4,4,4,4,4,4,4,4,4,4,4,4,4,4,4,4,4",
                        "startOffsets": "2841,2951,3136,3261,3373,3562,3686,3829,4156,4358,4468,4648,4774,4965,5148,5238,5334",
                        "endColumns": "109,184,124,111,188,123,142,141,201,109,179,125,190,182,89,95,115",
                        "endOffsets": "2946,3131,3256,3368,3557,3681,3824,3966,4353,4463,4643,4769,4960,5143,5233,5329,5445"
                    }
                }
            ]
        }
    ]
}