{
    "logs": [
        {
            "outputFile": "C:\\Users\\Niranjan PC\\Desktop\\Object Detection\\Android\\ThirdEye\\app\\build\\intermediates\\incremental\\mergeDebugResources\\merged.dir\\values-hy\\values-hy.xml",
            "map": [
                {
                    "source": "C:\\Users\\Niranjan PC\\.gradle\\caches\\transforms-2\\files-2.1\\53af1f37d65227eb5bcf361cc28c52ea\\appcompat-1.1.0\\res\\values-hy\\values-hy.xml",
                    "from": {
                        "startLines": "2,3,4,5,6,7,8,9,10,11,12,13,14,15,16,17,18,19,20,21,22,23,24,25,26,27,28,29",
                        "startColumns": "4,4,4,4,4,4,4,4,4,4,4,4,4,4,4,4,4,4,4,4,4,4,4,4,4,4,4,4",
                        "startOffsets": "105,213,313,423,512,618,735,817,898,989,1081,1176,1270,1371,1464,1559,1653,1744,1835,1917,2023,2129,2228,2338,2446,2547,2717,2814",
                        "endColumns": "107,99,109,88,105,116,81,80,90,91,94,93,100,92,94,93,90,90,81,105,105,98,109,107,100,169,96,81",
                        "endOffsets": "208,308,418,507,613,730,812,893,984,1076,1171,1265,1366,1459,1554,1648,1739,1830,1912,2018,2124,2223,2333,2441,2542,2712,2809,2891"
                    },
                    "to": {
                        "startLines": "2,3,4,5,6,7,8,9,10,11,12,13,14,15,16,17,18,19,20,21,22,23,24,25,26,27,28,47",
                        "startColumns": "4,4,4,4,4,4,4,4,4,4,4,4,4,4,4,4,4,4,4,4,4,4,4,4,4,4,4,4",
                        "startOffsets": "105,213,313,423,512,618,735,817,898,989,1081,1176,1270,1371,1464,1559,1653,1744,1835,1917,2023,2129,2228,2338,2446,2547,2717,5618",
                        "endColumns": "107,99,109,88,105,116,81,80,90,91,94,93,100,92,94,93,90,90,81,105,105,98,109,107,100,169,96,81",
                        "endOffsets": "208,308,418,507,613,730,812,893,984,1076,1171,1265,1366,1459,1554,1648,1739,1830,1912,2018,2124,2223,2333,2441,2542,2712,2809,5695"
                    }
                },
                {
                    "source": "C:\\Users\\Niranjan PC\\.gradle\\caches\\transforms-2\\files-2.1\\d014c553055b6d9fe1cb459e928379d0\\jetified-play-services-basement-16.1.0\\res\\values-hy\\values.xml",
                    "from": {
                        "startLines": "4",
                        "startColumns": "0",
                        "startOffsets": "247",
                        "endColumns": "209",
                        "endOffsets": "456"
                    },
                    "to": {
                        "startLines": "37",
                        "startColumns": "4",
                        "startOffsets": "4015",
                        "endColumns": "209",
                        "endOffsets": "4220"
                    }
                },
                {
                    "source": "C:\\Users\\Niranjan PC\\.gradle\\caches\\transforms-2\\files-2.1\\5b125700d43ec4bd67ed283e8e34946d\\jetified-play-services-base-16.0.1\\res\\values-hy\\values.xml",
                    "from": {
                        "startLines": "4,5,6,7,8,9,10,11,12,13,14,15,16,17,18,19,20",
                        "startColumns": "0,0,0,0,0,0,0,0,0,0,0,0,0,0,0,0,0",
                        "startOffsets": "245,349,546,678,784,997,1131,1284,1422,1648,1754,1953,2087,2308,2500,2591,2684",
                        "endColumns": "103,196,131,105,212,133,152,137,225,105,198,133,220,191,90,92,106",
                        "endOffsets": "348,545,677,783,996,1130,1283,1421,1647,1753,1952,2086,2307,2499,2590,2683,2790"
                    },
                    "to": {
                        "startLines": "29,30,31,32,33,34,35,36,38,39,40,41,42,43,44,45,46",
                        "startColumns": "4,4,4,4,4,4,4,4,4,4,4,4,4,4,4,4,4",
                        "startOffsets": "2814,2922,3119,3255,3365,3578,3716,3873,4225,4451,4561,4760,4898,5119,5315,5410,5507",
                        "endColumns": "107,196,135,109,212,137,156,141,225,109,198,137,220,195,94,96,110",
                        "endOffsets": "2917,3114,3250,3360,3573,3711,3868,4010,4446,4556,4755,4893,5114,5310,5405,5502,5613"
                    }
                },
                {
                    "source": "C:\\Users\\Niranjan PC\\.gradle\\caches\\transforms-2\\files-2.1\\e91594602c73eba9f0c6fb1745d43dba\\core-1.1.0\\res\\values-hy\\values-hy.xml",
                    "from": {
                        "startLines": "2",
                        "startColumns": "4",
                        "startOffsets": "55",
                        "endColumns": "100",
                        "endOffsets": "151"
                    },
                    "to": {
                        "startLines": "48",
                        "startColumns": "4",
                        "startOffsets": "5700",
                        "endColumns": "100",
                        "endOffsets": "5796"
                    }
                }
            ]
        }
    ]
}