{
    "logs": [
        {
            "outputFile": "C:\\Users\\Niranjan PC\\Desktop\\Object Detection\\Android\\ThirdEye\\app\\build\\intermediates\\incremental\\mergeDebugResources\\merged.dir\\values-th\\values-th.xml",
            "map": [
                {
                    "source": "C:\\Users\\Niranjan PC\\.gradle\\caches\\transforms-2\\files-2.1\\e91594602c73eba9f0c6fb1745d43dba\\core-1.1.0\\res\\values-th\\values-th.xml",
                    "from": {
                        "startLines": "2",
                        "startColumns": "4",
                        "startOffsets": "55",
                        "endColumns": "100",
                        "endOffsets": "151"
                    },
                    "to": {
                        "startLines": "48",
                        "startColumns": "4",
                        "startOffsets": "5428",
                        "endColumns": "100",
                        "endOffsets": "5524"
                    }
                },
                {
                    "source": "C:\\Users\\Niranjan PC\\.gradle\\caches\\transforms-2\\files-2.1\\5b125700d43ec4bd67ed283e8e34946d\\jetified-play-services-base-16.0.1\\res\\values-th\\values.xml",
                    "from": {
                        "startLines": "4,5,6,7,8,9,10,11,12,13,14,15,16,17,18,19,20",
                        "startColumns": "0,0,0,0,0,0,0,0,0,0,0,0,0,0,0,0,0",
                        "startOffsets": "245,349,528,649,754,949,1071,1216,1349,1552,1655,1833,1953,2152,2329,2419,2513",
                        "endColumns": "103,178,120,104,194,121,144,132,202,102,177,119,198,176,89,93,108",
                        "endOffsets": "348,527,648,753,948,1070,1215,1348,1551,1654,1832,1952,2151,2328,2418,2512,2621"
                    },
                    "to": {
                        "startLines": "29,30,31,32,33,34,35,36,38,39,40,41,42,43,44,45,46",
                        "startColumns": "4,4,4,4,4,4,4,4,4,4,4,4,4,4,4,4,4",
                        "startOffsets": "2734,2842,3021,3146,3255,3450,3576,3725,4050,4253,4360,4538,4662,4861,5042,5136,5234",
                        "endColumns": "107,178,124,108,194,125,148,136,202,106,177,123,198,180,93,97,112",
                        "endOffsets": "2837,3016,3141,3250,3445,3571,3720,3857,4248,4355,4533,4657,4856,5037,5131,5229,5342"
                    }
                },
                {
                    "source": "C:\\Users\\Niranjan PC\\.gradle\\caches\\transforms-2\\files-2.1\\53af1f37d65227eb5bcf361cc28c52ea\\appcompat-1.1.0\\res\\values-th\\values-th.xml",
                    "from": {
                        "startLines": "2,3,4,5,6,7,8,9,10,11,12,13,14,15,16,17,18,19,20,21,22,23,24,25,26,27,28,29",
                        "startColumns": "4,4,4,4,4,4,4,4,4,4,4,4,4,4,4,4,4,4,4,4,4,4,4,4,4,4,4,4",
                        "startOffsets": "105,210,303,411,496,598,708,786,864,955,1047,1138,1232,1333,1426,1521,1615,1706,1797,1877,1980,2078,2176,2279,2385,2486,2639,2734",
                        "endColumns": "104,92,107,84,101,109,77,77,90,91,90,93,100,92,94,93,90,90,79,102,97,97,102,105,100,152,94,80",
                        "endOffsets": "205,298,406,491,593,703,781,859,950,1042,1133,1227,1328,1421,1516,1610,1701,1792,1872,1975,2073,2171,2274,2380,2481,2634,2729,2810"
                    },
                    "to": {
                        "startLines": "2,3,4,5,6,7,8,9,10,11,12,13,14,15,16,17,18,19,20,21,22,23,24,25,26,27,28,47",
                        "startColumns": "4,4,4,4,4,4,4,4,4,4,4,4,4,4,4,4,4,4,4,4,4,4,4,4,4,4,4,4",
                        "startOffsets": "105,210,303,411,496,598,708,786,864,955,1047,1138,1232,1333,1426,1521,1615,1706,1797,1877,1980,2078,2176,2279,2385,2486,2639,5347",
                        "endColumns": "104,92,107,84,101,109,77,77,90,91,90,93,100,92,94,93,90,90,79,102,97,97,102,105,100,152,94,80",
                        "endOffsets": "205,298,406,491,593,703,781,859,950,1042,1133,1227,1328,1421,1516,1610,1701,1792,1872,1975,2073,2171,2274,2380,2481,2634,2729,5423"
                    }
                },
                {
                    "source": "C:\\Users\\Niranjan PC\\.gradle\\caches\\transforms-2\\files-2.1\\d014c553055b6d9fe1cb459e928379d0\\jetified-play-services-basement-16.1.0\\res\\values-th\\values.xml",
                    "from": {
                        "startLines": "4",
                        "startColumns": "0",
                        "startOffsets": "247",
                        "endColumns": "187",
                        "endOffsets": "434"
                    },
                    "to": {
                        "startLines": "37",
                        "startColumns": "4",
                        "startOffsets": "3862",
                        "endColumns": "187",
                        "endOffsets": "4045"
                    }
                }
            ]
        }
    ]
}