{
    "logs": [
        {
            "outputFile": "C:\\Users\\Niranjan PC\\Desktop\\Object Detection\\Android\\ThirdEye\\app\\build\\intermediates\\incremental\\mergeDebugResources\\merged.dir\\values-km\\values-km.xml",
            "map": [
                {
                    "source": "C:\\Users\\Niranjan PC\\.gradle\\caches\\transforms-2\\files-2.1\\5b125700d43ec4bd67ed283e8e34946d\\jetified-play-services-base-16.0.1\\res\\values-km\\values.xml",
                    "from": {
                        "startLines": "4,5,6,7,8,9,10,11,12,13,14,15,16,17,18,19,20",
                        "startColumns": "0,0,0,0,0,0,0,0,0,0,0,0,0,0,0,0,0",
                        "startOffsets": "245,345,532,651,754,975,1097,1244,1378,1595,1699,1901,2024,2228,2412,2502,2586",
                        "endColumns": "99,186,118,102,220,121,146,133,216,103,201,122,203,183,89,83,101",
                        "endOffsets": "344,531,650,753,974,1096,1243,1377,1594,1698,1900,2023,2227,2411,2501,2585,2687"
                    },
                    "to": {
                        "startLines": "29,30,31,32,33,34,35,36,38,39,40,41,42,43,44,45,46",
                        "startColumns": "4,4,4,4,4,4,4,4,4,4,4,4,4,4,4,4,4",
                        "startOffsets": "2793,2897,3084,3207,3314,3535,3661,3812,4158,4375,4483,4685,4812,5016,5204,5298,5386",
                        "endColumns": "103,186,122,106,220,125,150,137,216,107,201,126,203,187,93,87,105",
                        "endOffsets": "2892,3079,3202,3309,3530,3656,3807,3945,4370,4478,4680,4807,5011,5199,5293,5381,5487"
                    }
                },
                {
                    "source": "C:\\Users\\Niranjan PC\\.gradle\\caches\\transforms-2\\files-2.1\\e91594602c73eba9f0c6fb1745d43dba\\core-1.1.0\\res\\values-km\\values-km.xml",
                    "from": {
                        "startLines": "2",
                        "startColumns": "4",
                        "startOffsets": "55",
                        "endColumns": "100",
                        "endOffsets": "151"
                    },
                    "to": {
                        "startLines": "48",
                        "startColumns": "4",
                        "startOffsets": "5575",
                        "endColumns": "100",
                        "endOffsets": "5671"
                    }
                },
                {
                    "source": "C:\\Users\\Niranjan PC\\.gradle\\caches\\transforms-2\\files-2.1\\53af1f37d65227eb5bcf361cc28c52ea\\appcompat-1.1.0\\res\\values-km\\values-km.xml",
                    "from": {
                        "startLines": "2,3,4,5,6,7,8,9,10,11,12,13,14,15,16,17,18,19,20,21,22,23,24,25,26,27,28,29",
                        "startColumns": "4,4,4,4,4,4,4,4,4,4,4,4,4,4,4,4,4,4,4,4,4,4,4,4,4,4,4,4",
                        "startOffsets": "105,207,306,416,503,606,727,805,882,973,1065,1157,1251,1352,1445,1540,1634,1725,1816,1898,2002,2106,2206,2315,2424,2533,2695,2793",
                        "endColumns": "101,98,109,86,102,120,77,76,90,91,91,93,100,92,94,93,90,90,81,103,103,99,108,108,108,161,97,82",
                        "endOffsets": "202,301,411,498,601,722,800,877,968,1060,1152,1246,1347,1440,1535,1629,1720,1811,1893,1997,2101,2201,2310,2419,2528,2690,2788,2871"
                    },
                    "to": {
                        "startLines": "2,3,4,5,6,7,8,9,10,11,12,13,14,15,16,17,18,19,20,21,22,23,24,25,26,27,28,47",
                        "startColumns": "4,4,4,4,4,4,4,4,4,4,4,4,4,4,4,4,4,4,4,4,4,4,4,4,4,4,4,4",
                        "startOffsets": "105,207,306,416,503,606,727,805,882,973,1065,1157,1251,1352,1445,1540,1634,1725,1816,1898,2002,2106,2206,2315,2424,2533,2695,5492",
                        "endColumns": "101,98,109,86,102,120,77,76,90,91,91,93,100,92,94,93,90,90,81,103,103,99,108,108,108,161,97,82",
                        "endOffsets": "202,301,411,498,601,722,800,877,968,1060,1152,1246,1347,1440,1535,1629,1720,1811,1893,1997,2101,2201,2310,2419,2528,2690,2788,5570"
                    }
                },
                {
                    "source": "C:\\Users\\Niranjan PC\\.gradle\\caches\\transforms-2\\files-2.1\\d014c553055b6d9fe1cb459e928379d0\\jetified-play-services-basement-16.1.0\\res\\values-km\\values.xml",
                    "from": {
                        "startLines": "4",
                        "startColumns": "0",
                        "startOffsets": "247",
                        "endColumns": "207",
                        "endOffsets": "454"
                    },
                    "to": {
                        "startLines": "37",
                        "startColumns": "4",
                        "startOffsets": "3950",
                        "endColumns": "207",
                        "endOffsets": "4153"
                    }
                }
            ]
        }
    ]
}