{
    "logs": [
        {
            "outputFile": "C:\\Users\\Niranjan PC\\Desktop\\Object Detection\\Android\\ThirdEye\\app\\build\\intermediates\\incremental\\mergeDebugResources\\merged.dir\\values-bs\\values-bs.xml",
            "map": [
                {
                    "source": "C:\\Users\\Niranjan PC\\.gradle\\caches\\transforms-2\\files-2.1\\e91594602c73eba9f0c6fb1745d43dba\\core-1.1.0\\res\\values-bs\\values-bs.xml",
                    "from": {
                        "startLines": "2",
                        "startColumns": "4",
                        "startOffsets": "55",
                        "endColumns": "100",
                        "endOffsets": "151"
                    },
                    "to": {
                        "startLines": "48",
                        "startColumns": "4",
                        "startOffsets": "5601",
                        "endColumns": "100",
                        "endOffsets": "5697"
                    }
                },
                {
                    "source": "C:\\Users\\Niranjan PC\\.gradle\\caches\\transforms-2\\files-2.1\\53af1f37d65227eb5bcf361cc28c52ea\\appcompat-1.1.0\\res\\values-bs\\values-bs.xml",
                    "from": {
                        "startLines": "2,3,4,5,6,7,8,9,10,11,12,13,14,15,16,17,18,19,20,21,22,23,24,25,26,27,28,29",
                        "startColumns": "4,4,4,4,4,4,4,4,4,4,4,4,4,4,4,4,4,4,4,4,4,4,4,4,4,4,4,4",
                        "startOffsets": "105,226,323,430,516,620,742,827,910,1001,1093,1188,1282,1383,1476,1571,1666,1757,1848,1935,2038,2142,2243,2348,2462,2565,2734,2830",
                        "endColumns": "120,96,106,85,103,121,84,82,90,91,94,93,100,92,94,94,90,90,86,102,103,100,104,113,102,168,95,85",
                        "endOffsets": "221,318,425,511,615,737,822,905,996,1088,1183,1277,1378,1471,1566,1661,1752,1843,1930,2033,2137,2238,2343,2457,2560,2729,2825,2911"
                    },
                    "to": {
                        "startLines": "2,3,4,5,6,7,8,9,10,11,12,13,14,15,16,17,18,19,20,21,22,23,24,25,26,27,28,47",
                        "startColumns": "4,4,4,4,4,4,4,4,4,4,4,4,4,4,4,4,4,4,4,4,4,4,4,4,4,4,4,4",
                        "startOffsets": "105,226,323,430,516,620,742,827,910,1001,1093,1188,1282,1383,1476,1571,1666,1757,1848,1935,2038,2142,2243,2348,2462,2565,2734,5515",
                        "endColumns": "120,96,106,85,103,121,84,82,90,91,94,93,100,92,94,94,90,90,86,102,103,100,104,113,102,168,95,85",
                        "endOffsets": "221,318,425,511,615,737,822,905,996,1088,1183,1277,1378,1471,1566,1661,1752,1843,1930,2033,2137,2238,2343,2457,2560,2729,2825,5596"
                    }
                },
                {
                    "source": "C:\\Users\\Niranjan PC\\.gradle\\caches\\transforms-2\\files-2.1\\d014c553055b6d9fe1cb459e928379d0\\jetified-play-services-basement-16.1.0\\res\\values-bs\\values.xml",
                    "from": {
                        "startLines": "4",
                        "startColumns": "0",
                        "startOffsets": "247",
                        "endColumns": "199",
                        "endOffsets": "446"
                    },
                    "to": {
                        "startLines": "37",
                        "startColumns": "4",
                        "startOffsets": "3980",
                        "endColumns": "199",
                        "endOffsets": "4175"
                    }
                },
                {
                    "source": "C:\\Users\\Niranjan PC\\.gradle\\caches\\transforms-2\\files-2.1\\5b125700d43ec4bd67ed283e8e34946d\\jetified-play-services-base-16.0.1\\res\\values-bs\\values.xml",
                    "from": {
                        "startLines": "4,5,6,7,8,9,10,11,12,13,14,15,16,17,18,19,20",
                        "startColumns": "0,0,0,0,0,0,0,0,0,0,0,0,0,0,0,0,0",
                        "startOffsets": "245,349,541,665,773,982,1106,1244,1371,1584,1689,1881,2006,2215,2387,2481,2572",
                        "endColumns": "103,191,123,107,208,123,137,126,212,104,191,124,208,171,93,90,109",
                        "endOffsets": "348,540,664,772,981,1105,1243,1370,1583,1688,1880,2005,2214,2386,2480,2571,2681"
                    },
                    "to": {
                        "startLines": "29,30,31,32,33,34,35,36,38,39,40,41,42,43,44,45,46",
                        "startColumns": "4,4,4,4,4,4,4,4,4,4,4,4,4,4,4,4,4",
                        "startOffsets": "2830,2938,3130,3258,3370,3579,3707,3849,4180,4393,4502,4694,4823,5032,5208,5306,5401",
                        "endColumns": "107,191,127,111,208,127,141,130,212,108,191,128,208,175,97,94,113",
                        "endOffsets": "2933,3125,3253,3365,3574,3702,3844,3975,4388,4497,4689,4818,5027,5203,5301,5396,5510"
                    }
                }
            ]
        }
    ]
}