{
    "logs": [
        {
            "outputFile": "C:\\Users\\Niranjan PC\\Desktop\\Object Detection\\Android\\ThirdEye\\app\\build\\intermediates\\incremental\\mergeDebugResources\\merged.dir\\values-es\\values-es.xml",
            "map": [
                {
                    "source": "C:\\Users\\Niranjan PC\\.gradle\\caches\\transforms-2\\files-2.1\\5b125700d43ec4bd67ed283e8e34946d\\jetified-play-services-base-16.0.1\\res\\values-es\\values.xml",
                    "from": {
                        "startLines": "4,5,6,7,8,9,10,11,12,13,14,15,16,17,18,19,20",
                        "startColumns": "0,0,0,0,0,0,0,0,0,0,0,0,0,0,0,0,0",
                        "startOffsets": "245,351,546,675,781,1001,1132,1280,1415,1666,1773,1969,2099,2323,2506,2599,2694",
                        "endColumns": "105,194,128,105,219,130,147,134,250,106,195,129,223,182,92,94,109",
                        "endOffsets": "350,545,674,780,1000,1131,1279,1414,1665,1772,1968,2098,2322,2505,2598,2693,2803"
                    },
                    "to": {
                        "startLines": "29,30,31,32,33,34,35,36,38,39,40,41,42,43,44,45,46",
                        "startColumns": "4,4,4,4,4,4,4,4,4,4,4,4,4,4,4,4,4",
                        "startOffsets": "2836,2946,3141,3274,3384,3604,3739,3891,4249,4500,4611,4807,4941,5165,5352,5449,5548",
                        "endColumns": "109,194,132,109,219,134,151,138,250,110,195,133,223,186,96,98,113",
                        "endOffsets": "2941,3136,3269,3379,3599,3734,3886,4025,4495,4606,4802,4936,5160,5347,5444,5543,5657"
                    }
                },
                {
                    "source": "C:\\Users\\Niranjan PC\\.gradle\\caches\\transforms-2\\files-2.1\\d014c553055b6d9fe1cb459e928379d0\\jetified-play-services-basement-16.1.0\\res\\values-es\\values.xml",
                    "from": {
                        "startLines": "4",
                        "startColumns": "0",
                        "startOffsets": "247",
                        "endColumns": "218",
                        "endOffsets": "465"
                    },
                    "to": {
                        "startLines": "37",
                        "startColumns": "4",
                        "startOffsets": "4030",
                        "endColumns": "218",
                        "endOffsets": "4244"
                    }
                },
                {
                    "source": "C:\\Users\\Niranjan PC\\.gradle\\caches\\transforms-2\\files-2.1\\e91594602c73eba9f0c6fb1745d43dba\\core-1.1.0\\res\\values-es\\values-es.xml",
                    "from": {
                        "startLines": "2",
                        "startColumns": "4",
                        "startOffsets": "55",
                        "endColumns": "100",
                        "endOffsets": "151"
                    },
                    "to": {
                        "startLines": "48",
                        "startColumns": "4",
                        "startOffsets": "5744",
                        "endColumns": "100",
                        "endOffsets": "5840"
                    }
                },
                {
                    "source": "C:\\Users\\Niranjan PC\\.gradle\\caches\\transforms-2\\files-2.1\\53af1f37d65227eb5bcf361cc28c52ea\\appcompat-1.1.0\\res\\values-es\\values-es.xml",
                    "from": {
                        "startLines": "2,3,4,5,6,7,8,9,10,11,12,13,14,15,16,17,18,19,20,21,22,23,24,25,26,27,28,29",
                        "startColumns": "4,4,4,4,4,4,4,4,4,4,4,4,4,4,4,4,4,4,4,4,4,4,4,4,4,4,4,4",
                        "startOffsets": "105,207,320,428,513,614,742,828,910,1002,1095,1192,1286,1387,1481,1577,1673,1765,1857,1938,2045,2156,2255,2363,2471,2578,2737,2836",
                        "endColumns": "101,112,107,84,100,127,85,81,91,92,96,93,100,93,95,95,91,91,80,106,110,98,107,107,106,158,98,81",
                        "endOffsets": "202,315,423,508,609,737,823,905,997,1090,1187,1281,1382,1476,1572,1668,1760,1852,1933,2040,2151,2250,2358,2466,2573,2732,2831,2913"
                    },
                    "to": {
                        "startLines": "2,3,4,5,6,7,8,9,10,11,12,13,14,15,16,17,18,19,20,21,22,23,24,25,26,27,28,47",
                        "startColumns": "4,4,4,4,4,4,4,4,4,4,4,4,4,4,4,4,4,4,4,4,4,4,4,4,4,4,4,4",
                        "startOffsets": "105,207,320,428,513,614,742,828,910,1002,1095,1192,1286,1387,1481,1577,1673,1765,1857,1938,2045,2156,2255,2363,2471,2578,2737,5662",
                        "endColumns": "101,112,107,84,100,127,85,81,91,92,96,93,100,93,95,95,91,91,80,106,110,98,107,107,106,158,98,81",
                        "endOffsets": "202,315,423,508,609,737,823,905,997,1090,1187,1281,1382,1476,1572,1668,1760,1852,1933,2040,2151,2250,2358,2466,2573,2732,2831,5739"
                    }
                }
            ]
        }
    ]
}