{
    "logs": [
        {
            "outputFile": "C:\\Users\\Niranjan PC\\Desktop\\Object Detection\\Android\\ThirdEye\\app\\build\\intermediates\\incremental\\mergeDebugResources\\merged.dir\\values-ms\\values-ms.xml",
            "map": [
                {
                    "source": "C:\\Users\\Niranjan PC\\.gradle\\caches\\transforms-2\\files-2.1\\5b125700d43ec4bd67ed283e8e34946d\\jetified-play-services-base-16.0.1\\res\\values-ms\\values.xml",
                    "from": {
                        "startLines": "4,5,6,7,8,9,10,11,12,13,14,15,16,17,18,19,20",
                        "startColumns": "0,0,0,0,0,0,0,0,0,0,0,0,0,0,0,0,0",
                        "startOffsets": "245,349,554,682,786,1017,1147,1293,1425,1669,1776,1982,2115,2345,2546,2639,2729",
                        "endColumns": "103,204,127,103,230,129,145,131,243,106,205,132,229,200,92,89,107",
                        "endOffsets": "348,553,681,785,1016,1146,1292,1424,1668,1775,1981,2114,2344,2545,2638,2728,2836"
                    },
                    "to": {
                        "startLines": "29,30,31,32,33,34,35,36,38,39,40,41,42,43,44,45,46",
                        "startColumns": "4,4,4,4,4,4,4,4,4,4,4,4,4,4,4,4,4",
                        "startOffsets": "2800,2908,3113,3245,3353,3584,3718,3868,4209,4453,4564,4770,4907,5137,5342,5439,5533",
                        "endColumns": "107,204,131,107,230,133,149,135,243,110,205,136,229,204,96,93,111",
                        "endOffsets": "2903,3108,3240,3348,3579,3713,3863,3999,4448,4559,4765,4902,5132,5337,5434,5528,5640"
                    }
                },
                {
                    "source": "C:\\Users\\Niranjan PC\\.gradle\\caches\\transforms-2\\files-2.1\\e91594602c73eba9f0c6fb1745d43dba\\core-1.1.0\\res\\values-ms\\values-ms.xml",
                    "from": {
                        "startLines": "2",
                        "startColumns": "4",
                        "startOffsets": "55",
                        "endColumns": "100",
                        "endOffsets": "151"
                    },
                    "to": {
                        "startLines": "48",
                        "startColumns": "4",
                        "startOffsets": "5725",
                        "endColumns": "100",
                        "endOffsets": "5821"
                    }
                },
                {
                    "source": "C:\\Users\\Niranjan PC\\.gradle\\caches\\transforms-2\\files-2.1\\d014c553055b6d9fe1cb459e928379d0\\jetified-play-services-basement-16.1.0\\res\\values-ms\\values.xml",
                    "from": {
                        "startLines": "4",
                        "startColumns": "0",
                        "startOffsets": "247",
                        "endColumns": "204",
                        "endOffsets": "451"
                    },
                    "to": {
                        "startLines": "37",
                        "startColumns": "4",
                        "startOffsets": "4004",
                        "endColumns": "204",
                        "endOffsets": "4204"
                    }
                },
                {
                    "source": "C:\\Users\\Niranjan PC\\.gradle\\caches\\transforms-2\\files-2.1\\53af1f37d65227eb5bcf361cc28c52ea\\appcompat-1.1.0\\res\\values-ms\\values-ms.xml",
                    "from": {
                        "startLines": "2,3,4,5,6,7,8,9,10,11,12,13,14,15,16,17,18,19,20,21,22,23,24,25,26,27,28,29",
                        "startColumns": "4,4,4,4,4,4,4,4,4,4,4,4,4,4,4,4,4,4,4,4,4,4,4,4,4,4,4,4",
                        "startOffsets": "105,216,321,429,516,620,731,810,889,980,1072,1167,1261,1360,1453,1548,1642,1733,1824,1903,2015,2123,2220,2329,2433,2540,2699,2800",
                        "endColumns": "110,104,107,86,103,110,78,78,90,91,94,93,98,92,94,93,90,90,78,111,107,96,108,103,106,158,100,79",
                        "endOffsets": "211,316,424,511,615,726,805,884,975,1067,1162,1256,1355,1448,1543,1637,1728,1819,1898,2010,2118,2215,2324,2428,2535,2694,2795,2875"
                    },
                    "to": {
                        "startLines": "2,3,4,5,6,7,8,9,10,11,12,13,14,15,16,17,18,19,20,21,22,23,24,25,26,27,28,47",
                        "startColumns": "4,4,4,4,4,4,4,4,4,4,4,4,4,4,4,4,4,4,4,4,4,4,4,4,4,4,4,4",
                        "startOffsets": "105,216,321,429,516,620,731,810,889,980,1072,1167,1261,1360,1453,1548,1642,1733,1824,1903,2015,2123,2220,2329,2433,2540,2699,5645",
                        "endColumns": "110,104,107,86,103,110,78,78,90,91,94,93,98,92,94,93,90,90,78,111,107,96,108,103,106,158,100,79",
                        "endOffsets": "211,316,424,511,615,726,805,884,975,1067,1162,1256,1355,1448,1543,1637,1728,1819,1898,2010,2118,2215,2324,2428,2535,2694,2795,5720"
                    }
                }
            ]
        }
    ]
}