{
    "logs": [
        {
            "outputFile": "C:\\Users\\Niranjan PC\\Desktop\\Object Detection\\Android\\ThirdEye\\app\\build\\intermediates\\incremental\\mergeDebugResources\\merged.dir\\values-sw600dp-v13\\values-sw600dp-v13.xml",
            "map": [
                {
                    "source": "C:\\Users\\Niranjan PC\\.gradle\\caches\\transforms-2\\files-2.1\\53af1f37d65227eb5bcf361cc28c52ea\\appcompat-1.1.0\\res\\values-sw600dp-v13\\values-sw600dp-v13.xml",
                    "from": {
                        "startLines": "2,3,4,5,6,7,8,9",
                        "startColumns": "4,4,4,4,4,4,4,4",
                        "startOffsets": "55,124,193,263,337,413,472,543",
                        "endColumns": "68,68,69,73,75,58,70,67",
                        "endOffsets": "119,188,258,332,408,467,538,606"
                    }
                }
            ]
        }
    ]
}