{
    "logs": [
        {
            "outputFile": "C:\\Users\\Niranjan PC\\Desktop\\Object Detection\\Android\\ThirdEye\\app\\build\\intermediates\\incremental\\mergeDebugResources\\merged.dir\\values-lt\\values-lt.xml",
            "map": [
                {
                    "source": "C:\\Users\\Niranjan PC\\.gradle\\caches\\transforms-2\\files-2.1\\d014c553055b6d9fe1cb459e928379d0\\jetified-play-services-basement-16.1.0\\res\\values-lt\\values.xml",
                    "from": {
                        "startLines": "4",
                        "startColumns": "0",
                        "startOffsets": "247",
                        "endColumns": "217",
                        "endOffsets": "464"
                    },
                    "to": {
                        "startLines": "37",
                        "startColumns": "4",
                        "startOffsets": "4038",
                        "endColumns": "217",
                        "endOffsets": "4251"
                    }
                },
                {
                    "source": "C:\\Users\\Niranjan PC\\.gradle\\caches\\transforms-2\\files-2.1\\53af1f37d65227eb5bcf361cc28c52ea\\appcompat-1.1.0\\res\\values-lt\\values-lt.xml",
                    "from": {
                        "startLines": "2,3,4,5,6,7,8,9,10,11,12,13,14,15,16,17,18,19,20,21,22,23,24,25,26,27,28,29",
                        "startColumns": "4,4,4,4,4,4,4,4,4,4,4,4,4,4,4,4,4,4,4,4,4,4,4,4,4,4,4,4",
                        "startOffsets": "105,221,325,438,525,627,749,832,913,1007,1102,1199,1295,1399,1495,1593,1689,1783,1877,1959,2068,2176,2276,2386,2491,2597,2773,2874",
                        "endColumns": "115,103,112,86,101,121,82,80,93,94,96,95,103,95,97,95,93,93,81,108,107,99,109,104,105,175,100,82",
                        "endOffsets": "216,320,433,520,622,744,827,908,1002,1097,1194,1290,1394,1490,1588,1684,1778,1872,1954,2063,2171,2271,2381,2486,2592,2768,2869,2952"
                    },
                    "to": {
                        "startLines": "2,3,4,5,6,7,8,9,10,11,12,13,14,15,16,17,18,19,20,21,22,23,24,25,26,27,28,47",
                        "startColumns": "4,4,4,4,4,4,4,4,4,4,4,4,4,4,4,4,4,4,4,4,4,4,4,4,4,4,4,4",
                        "startOffsets": "105,221,325,438,525,627,749,832,913,1007,1102,1199,1295,1399,1495,1593,1689,1783,1877,1959,2068,2176,2276,2386,2491,2597,2773,5629",
                        "endColumns": "115,103,112,86,101,121,82,80,93,94,96,95,103,95,97,95,93,93,81,108,107,99,109,104,105,175,100,82",
                        "endOffsets": "216,320,433,520,622,744,827,908,1002,1097,1194,1290,1394,1490,1588,1684,1778,1872,1954,2063,2171,2271,2381,2486,2592,2768,2869,5707"
                    }
                },
                {
                    "source": "C:\\Users\\Niranjan PC\\.gradle\\caches\\transforms-2\\files-2.1\\e91594602c73eba9f0c6fb1745d43dba\\core-1.1.0\\res\\values-lt\\values-lt.xml",
                    "from": {
                        "startLines": "2",
                        "startColumns": "4",
                        "startOffsets": "55",
                        "endColumns": "100",
                        "endOffsets": "151"
                    },
                    "to": {
                        "startLines": "48",
                        "startColumns": "4",
                        "startOffsets": "5712",
                        "endColumns": "100",
                        "endOffsets": "5808"
                    }
                },
                {
                    "source": "C:\\Users\\Niranjan PC\\.gradle\\caches\\transforms-2\\files-2.1\\5b125700d43ec4bd67ed283e8e34946d\\jetified-play-services-base-16.0.1\\res\\values-lt\\values.xml",
                    "from": {
                        "startLines": "4,5,6,7,8,9,10,11,12,13,14,15,16,17,18,19,20",
                        "startColumns": "0,0,0,0,0,0,0,0,0,0,0,0,0,0,0,0,0",
                        "startOffsets": "245,350,534,664,769,981,1109,1254,1385,1610,1717,1913,2045,2257,2433,2527,2619",
                        "endColumns": "104,183,129,104,211,127,144,130,224,106,195,131,211,175,93,91,114",
                        "endOffsets": "349,533,663,768,980,1108,1253,1384,1609,1716,1912,2044,2256,2432,2526,2618,2733"
                    },
                    "to": {
                        "startLines": "29,30,31,32,33,34,35,36,38,39,40,41,42,43,44,45,46",
                        "startColumns": "4,4,4,4,4,4,4,4,4,4,4,4,4,4,4,4,4",
                        "startOffsets": "2874,2983,3167,3301,3410,3622,3754,3903,4256,4481,4592,4788,4924,5136,5316,5414,5510",
                        "endColumns": "108,183,133,108,211,131,148,134,224,110,195,135,211,179,97,95,118",
                        "endOffsets": "2978,3162,3296,3405,3617,3749,3898,4033,4476,4587,4783,4919,5131,5311,5409,5505,5624"
                    }
                }
            ]
        }
    ]
}