{
    "logs": [
        {
            "outputFile": "C:\\Users\\Niranjan PC\\Desktop\\Object Detection\\Android\\ThirdEye\\app\\build\\intermediates\\incremental\\mergeDebugResources\\merged.dir\\values-fi\\values-fi.xml",
            "map": [
                {
                    "source": "C:\\Users\\Niranjan PC\\.gradle\\caches\\transforms-2\\files-2.1\\e91594602c73eba9f0c6fb1745d43dba\\core-1.1.0\\res\\values-fi\\values-fi.xml",
                    "from": {
                        "startLines": "2",
                        "startColumns": "4",
                        "startOffsets": "55",
                        "endColumns": "100",
                        "endOffsets": "151"
                    },
                    "to": {
                        "startLines": "48",
                        "startColumns": "4",
                        "startOffsets": "5515",
                        "endColumns": "100",
                        "endOffsets": "5611"
                    }
                },
                {
                    "source": "C:\\Users\\Niranjan PC\\.gradle\\caches\\transforms-2\\files-2.1\\5b125700d43ec4bd67ed283e8e34946d\\jetified-play-services-base-16.0.1\\res\\values-fi\\values.xml",
                    "from": {
                        "startLines": "4,5,6,7,8,9,10,11,12,13,14,15,16,17,18,19,20",
                        "startColumns": "0,0,0,0,0,0,0,0,0,0,0,0,0,0,0,0,0",
                        "startOffsets": "245,354,539,668,772,974,1098,1240,1372,1572,1676,1856,1980,2187,2352,2444,2540",
                        "endColumns": "108,184,128,103,201,123,141,131,199,103,179,123,206,164,91,95,107",
                        "endOffsets": "353,538,667,771,973,1097,1239,1371,1571,1675,1855,1979,2186,2351,2443,2539,2647"
                    },
                    "to": {
                        "startLines": "29,30,31,32,33,34,35,36,38,39,40,41,42,43,44,45,46",
                        "startColumns": "4,4,4,4,4,4,4,4,4,4,4,4,4,4,4,4,4",
                        "startOffsets": "2775,2888,3073,3206,3314,3516,3644,3790,4135,4335,4443,4623,4751,4958,5127,5223,5323",
                        "endColumns": "112,184,132,107,201,127,145,135,199,107,179,127,206,168,95,99,111",
                        "endOffsets": "2883,3068,3201,3309,3511,3639,3785,3921,4330,4438,4618,4746,4953,5122,5218,5318,5430"
                    }
                },
                {
                    "source": "C:\\Users\\Niranjan PC\\.gradle\\caches\\transforms-2\\files-2.1\\53af1f37d65227eb5bcf361cc28c52ea\\appcompat-1.1.0\\res\\values-fi\\values-fi.xml",
                    "from": {
                        "startLines": "2,3,4,5,6,7,8,9,10,11,12,13,14,15,16,17,18,19,20,21,22,23,24,25,26,27,28,29",
                        "startColumns": "4,4,4,4,4,4,4,4,4,4,4,4,4,4,4,4,4,4,4,4,4,4,4,4,4,4,4,4",
                        "startOffsets": "105,213,313,422,508,613,731,817,897,988,1080,1175,1269,1364,1457,1553,1652,1743,1837,1916,2023,2124,2221,2327,2427,2525,2675,2775",
                        "endColumns": "107,99,108,85,104,117,85,79,90,91,94,93,94,92,95,98,90,93,78,106,100,96,105,99,97,149,99,79",
                        "endOffsets": "208,308,417,503,608,726,812,892,983,1075,1170,1264,1359,1452,1548,1647,1738,1832,1911,2018,2119,2216,2322,2422,2520,2670,2770,2850"
                    },
                    "to": {
                        "startLines": "2,3,4,5,6,7,8,9,10,11,12,13,14,15,16,17,18,19,20,21,22,23,24,25,26,27,28,47",
                        "startColumns": "4,4,4,4,4,4,4,4,4,4,4,4,4,4,4,4,4,4,4,4,4,4,4,4,4,4,4,4",
                        "startOffsets": "105,213,313,422,508,613,731,817,897,988,1080,1175,1269,1364,1457,1553,1652,1743,1837,1916,2023,2124,2221,2327,2427,2525,2675,5435",
                        "endColumns": "107,99,108,85,104,117,85,79,90,91,94,93,94,92,95,98,90,93,78,106,100,96,105,99,97,149,99,79",
                        "endOffsets": "208,308,417,503,608,726,812,892,983,1075,1170,1264,1359,1452,1548,1647,1738,1832,1911,2018,2119,2216,2322,2422,2520,2670,2770,5510"
                    }
                },
                {
                    "source": "C:\\Users\\Niranjan PC\\.gradle\\caches\\transforms-2\\files-2.1\\d014c553055b6d9fe1cb459e928379d0\\jetified-play-services-basement-16.1.0\\res\\values-fi\\values.xml",
                    "from": {
                        "startLines": "4",
                        "startColumns": "0",
                        "startOffsets": "247",
                        "endColumns": "208",
                        "endOffsets": "455"
                    },
                    "to": {
                        "startLines": "37",
                        "startColumns": "4",
                        "startOffsets": "3926",
                        "endColumns": "208",
                        "endOffsets": "4130"
                    }
                }
            ]
        }
    ]
}