{
    "logs": [
        {
            "outputFile": "C:\\Users\\Niranjan PC\\Desktop\\Object Detection\\Android\\ThirdEye\\app\\build\\intermediates\\incremental\\mergeDebugResources\\merged.dir\\values-bn\\values-bn.xml",
            "map": [
                {
                    "source": "C:\\Users\\Niranjan PC\\.gradle\\caches\\transforms-2\\files-2.1\\d014c553055b6d9fe1cb459e928379d0\\jetified-play-services-basement-16.1.0\\res\\values-bn\\values.xml",
                    "from": {
                        "startLines": "4",
                        "startColumns": "0",
                        "startOffsets": "247",
                        "endColumns": "210",
                        "endOffsets": "457"
                    },
                    "to": {
                        "startLines": "37",
                        "startColumns": "4",
                        "startOffsets": "3975",
                        "endColumns": "210",
                        "endOffsets": "4181"
                    }
                },
                {
                    "source": "C:\\Users\\Niranjan PC\\.gradle\\caches\\transforms-2\\files-2.1\\5b125700d43ec4bd67ed283e8e34946d\\jetified-play-services-base-16.0.1\\res\\values-bn\\values.xml",
                    "from": {
                        "startLines": "4,5,6,7,8,9,10,11,12,13,14,15,16,17,18,19,20",
                        "startColumns": "0,0,0,0,0,0,0,0,0,0,0,0,0,0,0,0,0",
                        "startOffsets": "245,352,543,669,778,974,1094,1232,1361,1565,1672,1859,1985,2178,2352,2438,2531",
                        "endColumns": "106,190,125,108,195,119,137,128,203,106,186,125,192,173,85,92,114",
                        "endOffsets": "351,542,668,777,973,1093,1231,1360,1564,1671,1858,1984,2177,2351,2437,2530,2645"
                    },
                    "to": {
                        "startLines": "29,30,31,32,33,34,35,36,38,39,40,41,42,43,44,45,46",
                        "startColumns": "4,4,4,4,4,4,4,4,4,4,4,4,4,4,4,4,4",
                        "startOffsets": "2835,2946,3137,3267,3380,3576,3700,3842,4186,4390,4501,4688,4818,5011,5189,5279,5376",
                        "endColumns": "110,190,129,112,195,123,141,132,203,110,186,129,192,177,89,96,118",
                        "endOffsets": "2941,3132,3262,3375,3571,3695,3837,3970,4385,4496,4683,4813,5006,5184,5274,5371,5490"
                    }
                },
                {
                    "source": "C:\\Users\\Niranjan PC\\.gradle\\caches\\transforms-2\\files-2.1\\e91594602c73eba9f0c6fb1745d43dba\\core-1.1.0\\res\\values-bn\\values-bn.xml",
                    "from": {
                        "startLines": "2",
                        "startColumns": "4",
                        "startOffsets": "55",
                        "endColumns": "100",
                        "endOffsets": "151"
                    },
                    "to": {
                        "startLines": "48",
                        "startColumns": "4",
                        "startOffsets": "5581",
                        "endColumns": "100",
                        "endOffsets": "5677"
                    }
                },
                {
                    "source": "C:\\Users\\Niranjan PC\\.gradle\\caches\\transforms-2\\files-2.1\\53af1f37d65227eb5bcf361cc28c52ea\\appcompat-1.1.0\\res\\values-bn\\values-bn.xml",
                    "from": {
                        "startLines": "2,3,4,5,6,7,8,9,10,11,12,13,14,15,16,17,18,19,20,21,22,23,24,25,26,27,28,29",
                        "startColumns": "4,4,4,4,4,4,4,4,4,4,4,4,4,4,4,4,4,4,4,4,4,4,4,4,4,4,4,4",
                        "startOffsets": "105,213,319,425,514,619,740,823,906,997,1089,1183,1277,1378,1471,1566,1660,1751,1842,1927,2037,2141,2244,2352,2460,2565,2730,2835",
                        "endColumns": "107,105,105,88,104,120,82,82,90,91,93,93,100,92,94,93,90,90,84,109,103,102,107,107,104,164,104,85",
                        "endOffsets": "208,314,420,509,614,735,818,901,992,1084,1178,1272,1373,1466,1561,1655,1746,1837,1922,2032,2136,2239,2347,2455,2560,2725,2830,2916"
                    },
                    "to": {
                        "startLines": "2,3,4,5,6,7,8,9,10,11,12,13,14,15,16,17,18,19,20,21,22,23,24,25,26,27,28,47",
                        "startColumns": "4,4,4,4,4,4,4,4,4,4,4,4,4,4,4,4,4,4,4,4,4,4,4,4,4,4,4,4",
                        "startOffsets": "105,213,319,425,514,619,740,823,906,997,1089,1183,1277,1378,1471,1566,1660,1751,1842,1927,2037,2141,2244,2352,2460,2565,2730,5495",
                        "endColumns": "107,105,105,88,104,120,82,82,90,91,93,93,100,92,94,93,90,90,84,109,103,102,107,107,104,164,104,85",
                        "endOffsets": "208,314,420,509,614,735,818,901,992,1084,1178,1272,1373,1466,1561,1655,1746,1837,1922,2032,2136,2239,2347,2455,2560,2725,2830,5576"
                    }
                }
            ]
        }
    ]
}