{
    "logs": [
        {
            "outputFile": "C:\\Users\\Niranjan PC\\Desktop\\Object Detection\\Android\\ThirdEye\\app\\build\\intermediates\\incremental\\mergeDebugResources\\merged.dir\\values-fa\\values-fa.xml",
            "map": [
                {
                    "source": "C:\\Users\\Niranjan PC\\.gradle\\caches\\transforms-2\\files-2.1\\53af1f37d65227eb5bcf361cc28c52ea\\appcompat-1.1.0\\res\\values-fa\\values-fa.xml",
                    "from": {
                        "startLines": "2,3,4,5,6,7,8,9,10,11,12,13,14,15,16,17,18,19,20,21,22,23,24,25,26,27,28,29",
                        "startColumns": "4,4,4,4,4,4,4,4,4,4,4,4,4,4,4,4,4,4,4,4,4,4,4,4,4,4,4,4",
                        "startOffsets": "105,215,316,427,511,612,727,807,885,978,1072,1164,1258,1361,1456,1553,1647,1740,1830,1911,2019,2123,2221,2327,2432,2537,2694,2795",
                        "endColumns": "109,100,110,83,100,114,79,77,92,93,91,93,102,94,96,93,92,89,80,107,103,97,105,104,104,156,100,80",
                        "endOffsets": "210,311,422,506,607,722,802,880,973,1067,1159,1253,1356,1451,1548,1642,1735,1825,1906,2014,2118,2216,2322,2427,2532,2689,2790,2871"
                    },
                    "to": {
                        "startLines": "2,3,4,5,6,7,8,9,10,11,12,13,14,15,16,17,18,19,20,21,22,23,24,25,26,27,28,47",
                        "startColumns": "4,4,4,4,4,4,4,4,4,4,4,4,4,4,4,4,4,4,4,4,4,4,4,4,4,4,4,4",
                        "startOffsets": "105,215,316,427,511,612,727,807,885,978,1072,1164,1258,1361,1456,1553,1647,1740,1830,1911,2019,2123,2221,2327,2432,2537,2694,5525",
                        "endColumns": "109,100,110,83,100,114,79,77,92,93,91,93,102,94,96,93,92,89,80,107,103,97,105,104,104,156,100,80",
                        "endOffsets": "210,311,422,506,607,722,802,880,973,1067,1159,1253,1356,1451,1548,1642,1735,1825,1906,2014,2118,2216,2322,2427,2532,2689,2790,5601"
                    }
                },
                {
                    "source": "C:\\Users\\Niranjan PC\\.gradle\\caches\\transforms-2\\files-2.1\\5b125700d43ec4bd67ed283e8e34946d\\jetified-play-services-base-16.0.1\\res\\values-fa\\values.xml",
                    "from": {
                        "startLines": "4,5,6,7,8,9,10,11,12,13,14,15,16,17,18,19,20",
                        "startColumns": "0,0,0,0,0,0,0,0,0,0,0,0,0,0,0,0,0",
                        "startOffsets": "245,351,542,671,772,971,1097,1238,1365,1577,1685,1888,2019,2233,2417,2509,2603",
                        "endColumns": "105,190,128,100,198,125,140,126,211,107,202,130,213,183,91,93,109",
                        "endOffsets": "350,541,670,771,970,1096,1237,1364,1576,1684,1887,2018,2232,2416,2508,2602,2712"
                    },
                    "to": {
                        "startLines": "29,30,31,32,33,34,35,36,38,39,40,41,42,43,44,45,46",
                        "startColumns": "4,4,4,4,4,4,4,4,4,4,4,4,4,4,4,4,4",
                        "startOffsets": "2795,2905,3096,3229,3334,3533,3663,3808,4153,4365,4477,4680,4815,5029,5217,5313,5411",
                        "endColumns": "109,190,132,104,198,129,144,130,211,111,202,134,213,187,95,97,113",
                        "endOffsets": "2900,3091,3224,3329,3528,3658,3803,3934,4360,4472,4675,4810,5024,5212,5308,5406,5520"
                    }
                },
                {
                    "source": "C:\\Users\\Niranjan PC\\.gradle\\caches\\transforms-2\\files-2.1\\e91594602c73eba9f0c6fb1745d43dba\\core-1.1.0\\res\\values-fa\\values-fa.xml",
                    "from": {
                        "startLines": "2",
                        "startColumns": "4",
                        "startOffsets": "55",
                        "endColumns": "100",
                        "endOffsets": "151"
                    },
                    "to": {
                        "startLines": "48",
                        "startColumns": "4",
                        "startOffsets": "5606",
                        "endColumns": "100",
                        "endOffsets": "5702"
                    }
                },
                {
                    "source": "C:\\Users\\Niranjan PC\\.gradle\\caches\\transforms-2\\files-2.1\\d014c553055b6d9fe1cb459e928379d0\\jetified-play-services-basement-16.1.0\\res\\values-fa\\values.xml",
                    "from": {
                        "startLines": "4",
                        "startColumns": "0",
                        "startOffsets": "247",
                        "endColumns": "213",
                        "endOffsets": "460"
                    },
                    "to": {
                        "startLines": "37",
                        "startColumns": "4",
                        "startOffsets": "3939",
                        "endColumns": "213",
                        "endOffsets": "4148"
                    }
                }
            ]
        }
    ]
}