{
    "logs": [
        {
            "outputFile": "C:\\Users\\Niranjan PC\\Desktop\\Object Detection\\Android\\ThirdEye\\app\\build\\intermediates\\incremental\\mergeDebugResources\\merged.dir\\values-pt-rBR\\values-pt-rBR.xml",
            "map": [
                {
                    "source": "C:\\Users\\Niranjan PC\\.gradle\\caches\\transforms-2\\files-2.1\\5b125700d43ec4bd67ed283e8e34946d\\jetified-play-services-base-16.0.1\\res\\values-pt-rBR\\values.xml",
                    "from": {
                        "startLines": "4,5,6,7,8,9,10,11,12,13,14,15,16,17,18,19,20",
                        "startColumns": "0,0,0,0,0,0,0,0,0,0,0,0,0,0,0,0,0",
                        "startOffsets": "249,352,532,657,763,989,1117,1265,1395,1624,1730,1925,2053,2269,2452,2547,2639",
                        "endColumns": "102,179,124,105,225,127,147,129,228,105,194,127,215,182,94,91,108",
                        "endOffsets": "351,531,656,762,988,1116,1264,1394,1623,1729,1924,2052,2268,2451,2546,2638,2747"
                    },
                    "to": {
                        "startLines": "29,30,31,32,33,34,35,36,38,39,40,41,42,43,44,45,46",
                        "startColumns": "4,4,4,4,4,4,4,4,4,4,4,4,4,4,4,4,4",
                        "startOffsets": "2843,2950,3130,3259,3369,3595,3727,3879,4217,4446,4556,4751,4883,5099,5286,5385,5481",
                        "endColumns": "106,179,128,109,225,131,151,133,228,109,194,131,215,186,98,95,112",
                        "endOffsets": "2945,3125,3254,3364,3590,3722,3874,4008,4441,4551,4746,4878,5094,5281,5380,5476,5589"
                    }
                },
                {
                    "source": "C:\\Users\\Niranjan PC\\.gradle\\caches\\transforms-2\\files-2.1\\d014c553055b6d9fe1cb459e928379d0\\jetified-play-services-basement-16.1.0\\res\\values-pt-rBR\\values.xml",
                    "from": {
                        "startLines": "4",
                        "startColumns": "0",
                        "startOffsets": "251",
                        "endColumns": "203",
                        "endOffsets": "454"
                    },
                    "to": {
                        "startLines": "37",
                        "startColumns": "4",
                        "startOffsets": "4013",
                        "endColumns": "203",
                        "endOffsets": "4212"
                    }
                },
                {
                    "source": "C:\\Users\\Niranjan PC\\.gradle\\caches\\transforms-2\\files-2.1\\53af1f37d65227eb5bcf361cc28c52ea\\appcompat-1.1.0\\res\\values-pt-rBR\\values-pt-rBR.xml",
                    "from": {
                        "startLines": "2,3,4,5,6,7,8,9,10,11,12,13,14,15,16,17,18,19,20,21,22,23,24,25,26,27,28,29",
                        "startColumns": "4,4,4,4,4,4,4,4,4,4,4,4,4,4,4,4,4,4,4,4,4,4,4,4,4,4,4,4",
                        "startOffsets": "105,225,331,438,527,628,747,832,913,1004,1096,1191,1285,1386,1479,1574,1669,1760,1851,1935,2042,2153,2255,2363,2471,2581,2743,2843",
                        "endColumns": "119,105,106,88,100,118,84,80,90,91,94,93,100,92,94,94,90,90,83,106,110,101,107,107,109,161,99,84",
                        "endOffsets": "220,326,433,522,623,742,827,908,999,1091,1186,1280,1381,1474,1569,1664,1755,1846,1930,2037,2148,2250,2358,2466,2576,2738,2838,2923"
                    },
                    "to": {
                        "startLines": "2,3,4,5,6,7,8,9,10,11,12,13,14,15,16,17,18,19,20,21,22,23,24,25,26,27,28,47",
                        "startColumns": "4,4,4,4,4,4,4,4,4,4,4,4,4,4,4,4,4,4,4,4,4,4,4,4,4,4,4,4",
                        "startOffsets": "105,225,331,438,527,628,747,832,913,1004,1096,1191,1285,1386,1479,1574,1669,1760,1851,1935,2042,2153,2255,2363,2471,2581,2743,5594",
                        "endColumns": "119,105,106,88,100,118,84,80,90,91,94,93,100,92,94,94,90,90,83,106,110,101,107,107,109,161,99,84",
                        "endOffsets": "220,326,433,522,623,742,827,908,999,1091,1186,1280,1381,1474,1569,1664,1755,1846,1930,2037,2148,2250,2358,2466,2576,2738,2838,5674"
                    }
                },
                {
                    "source": "C:\\Users\\Niranjan PC\\.gradle\\caches\\transforms-2\\files-2.1\\e91594602c73eba9f0c6fb1745d43dba\\core-1.1.0\\res\\values-pt-rBR\\values-pt-rBR.xml",
                    "from": {
                        "startLines": "2",
                        "startColumns": "4",
                        "startOffsets": "55",
                        "endColumns": "100",
                        "endOffsets": "151"
                    },
                    "to": {
                        "startLines": "48",
                        "startColumns": "4",
                        "startOffsets": "5679",
                        "endColumns": "100",
                        "endOffsets": "5775"
                    }
                }
            ]
        }
    ]
}