{
    "logs": [
        {
            "outputFile": "C:\\Users\\Niranjan PC\\Desktop\\Object Detection\\Android\\ThirdEye\\app\\build\\intermediates\\incremental\\mergeDebugResources\\merged.dir\\values-v24\\values-v24.xml",
            "map": [
                {
                    "source": "C:\\Users\\Niranjan PC\\.gradle\\caches\\transforms-2\\files-2.1\\886df16c747a87ca7b380bdbaa998077\\media-1.0.0\\res\\values-v24\\values-v24.xml",
                    "from": {
                        "startLines": "2,3,4,5",
                        "startColumns": "4,4,4,4",
                        "startOffsets": "55,121,182,248",
                        "endColumns": "65,60,65,66",
                        "endOffsets": "116,177,243,310"
                    },
                    "to": {
                        "startLines": "4,5,6,7",
                        "startColumns": "4,4,4,4",
                        "startOffsets": "347,413,474,540",
                        "endColumns": "65,60,65,66",
                        "endOffsets": "408,469,535,602"
                    }
                },
                {
                    "source": "C:\\Users\\Niranjan PC\\.gradle\\caches\\transforms-2\\files-2.1\\53af1f37d65227eb5bcf361cc28c52ea\\appcompat-1.1.0\\res\\values-v24\\values-v24.xml",
                    "from": {
                        "startLines": "2,3",
                        "startColumns": "4,4",
                        "startOffsets": "55,212",
                        "endColumns": "156,134",
                        "endOffsets": "207,342"
                    }
                }
            ]
        }
    ]
}