{
    "logs": [
        {
            "outputFile": "C:\\Users\\Niranjan PC\\Desktop\\Object Detection\\Android\\ThirdEye\\app\\build\\intermediates\\incremental\\mergeDebugResources\\merged.dir\\values-si\\values-si.xml",
            "map": [
                {
                    "source": "C:\\Users\\Niranjan PC\\.gradle\\caches\\transforms-2\\files-2.1\\53af1f37d65227eb5bcf361cc28c52ea\\appcompat-1.1.0\\res\\values-si\\values-si.xml",
                    "from": {
                        "startLines": "2,3,4,5,6,7,8,9,10,11,12,13,14,15,16,17,18,19,20,21,22,23,24,25,26,27,28,29",
                        "startColumns": "4,4,4,4,4,4,4,4,4,4,4,4,4,4,4,4,4,4,4,4,4,4,4,4,4,4,4,4",
                        "startOffsets": "105,221,328,435,518,623,739,829,916,1007,1099,1193,1287,1388,1481,1576,1670,1761,1852,1935,2044,2148,2246,2356,2456,2563,2722,2821",
                        "endColumns": "115,106,106,82,104,115,89,86,90,91,93,93,100,92,94,93,90,90,82,108,103,97,109,99,106,158,98,80",
                        "endOffsets": "216,323,430,513,618,734,824,911,1002,1094,1188,1282,1383,1476,1571,1665,1756,1847,1930,2039,2143,2241,2351,2451,2558,2717,2816,2897"
                    },
                    "to": {
                        "startLines": "2,3,4,5,6,7,8,9,10,11,12,13,14,15,16,17,18,19,20,21,22,23,24,25,26,27,28,47",
                        "startColumns": "4,4,4,4,4,4,4,4,4,4,4,4,4,4,4,4,4,4,4,4,4,4,4,4,4,4,4,4",
                        "startOffsets": "105,221,328,435,518,623,739,829,916,1007,1099,1193,1287,1388,1481,1576,1670,1761,1852,1935,2044,2148,2246,2356,2456,2563,2722,5500",
                        "endColumns": "115,106,106,82,104,115,89,86,90,91,93,93,100,92,94,93,90,90,82,108,103,97,109,99,106,158,98,80",
                        "endOffsets": "216,323,430,513,618,734,824,911,1002,1094,1188,1282,1383,1476,1571,1665,1756,1847,1930,2039,2143,2241,2351,2451,2558,2717,2816,5576"
                    }
                },
                {
                    "source": "C:\\Users\\Niranjan PC\\.gradle\\caches\\transforms-2\\files-2.1\\d014c553055b6d9fe1cb459e928379d0\\jetified-play-services-basement-16.1.0\\res\\values-si\\values.xml",
                    "from": {
                        "startLines": "4",
                        "startColumns": "0",
                        "startOffsets": "247",
                        "endColumns": "197",
                        "endOffsets": "444"
                    },
                    "to": {
                        "startLines": "37",
                        "startColumns": "4",
                        "startOffsets": "3958",
                        "endColumns": "197",
                        "endOffsets": "4151"
                    }
                },
                {
                    "source": "C:\\Users\\Niranjan PC\\.gradle\\caches\\transforms-2\\files-2.1\\5b125700d43ec4bd67ed283e8e34946d\\jetified-play-services-base-16.0.1\\res\\values-si\\values.xml",
                    "from": {
                        "startLines": "4,5,6,7,8,9,10,11,12,13,14,15,16,17,18,19,20",
                        "startColumns": "0,0,0,0,0,0,0,0,0,0,0,0,0,0,0,0,0",
                        "startOffsets": "245,351,537,659,770,971,1093,1235,1358,1568,1681,1868,1997,2200,2387,2486,2573",
                        "endColumns": "105,185,121,110,200,121,141,122,209,112,186,128,202,186,98,86,104",
                        "endOffsets": "350,536,658,769,970,1092,1234,1357,1567,1680,1867,1996,2199,2386,2485,2572,2677"
                    },
                    "to": {
                        "startLines": "29,30,31,32,33,34,35,36,38,39,40,41,42,43,44,45,46",
                        "startColumns": "4,4,4,4,4,4,4,4,4,4,4,4,4,4,4,4,4",
                        "startOffsets": "2821,2931,3117,3243,3358,3559,3685,3831,4156,4366,4483,4670,4803,5006,5197,5300,5391",
                        "endColumns": "109,185,125,114,200,125,145,126,209,116,186,132,202,190,102,90,108",
                        "endOffsets": "2926,3112,3238,3353,3554,3680,3826,3953,4361,4478,4665,4798,5001,5192,5295,5386,5495"
                    }
                },
                {
                    "source": "C:\\Users\\Niranjan PC\\.gradle\\caches\\transforms-2\\files-2.1\\e91594602c73eba9f0c6fb1745d43dba\\core-1.1.0\\res\\values-si\\values-si.xml",
                    "from": {
                        "startLines": "2",
                        "startColumns": "4",
                        "startOffsets": "55",
                        "endColumns": "100",
                        "endOffsets": "151"
                    },
                    "to": {
                        "startLines": "48",
                        "startColumns": "4",
                        "startOffsets": "5581",
                        "endColumns": "100",
                        "endOffsets": "5677"
                    }
                }
            ]
        }
    ]
}