{
    "logs": [
        {
            "outputFile": "C:\\Users\\Niranjan PC\\Desktop\\Object Detection\\Android\\ThirdEye\\app\\build\\intermediates\\incremental\\mergeDebugResources\\merged.dir\\values-de\\values-de.xml",
            "map": [
                {
                    "source": "C:\\Users\\Niranjan PC\\.gradle\\caches\\transforms-2\\files-2.1\\d014c553055b6d9fe1cb459e928379d0\\jetified-play-services-basement-16.1.0\\res\\values-de\\values.xml",
                    "from": {
                        "startLines": "4",
                        "startColumns": "0",
                        "startOffsets": "247",
                        "endColumns": "203",
                        "endOffsets": "450"
                    },
                    "to": {
                        "startLines": "37",
                        "startColumns": "4",
                        "startOffsets": "4052",
                        "endColumns": "203",
                        "endOffsets": "4251"
                    }
                },
                {
                    "source": "C:\\Users\\Niranjan PC\\.gradle\\caches\\transforms-2\\files-2.1\\53af1f37d65227eb5bcf361cc28c52ea\\appcompat-1.1.0\\res\\values-de\\values-de.xml",
                    "from": {
                        "startLines": "2,3,4,5,6,7,8,9,10,11,12,13,14,15,16,17,18,19,20,21,22,23,24,25,26,27,28,29",
                        "startColumns": "4,4,4,4,4,4,4,4,4,4,4,4,4,4,4,4,4,4,4,4,4,4,4,4,4,4,4,4",
                        "startOffsets": "105,210,308,420,506,612,727,805,881,973,1066,1162,1263,1371,1471,1575,1673,1771,1868,1949,2060,2162,2260,2367,2470,2574,2730,2832",
                        "endColumns": "104,97,111,85,105,114,77,75,91,92,95,100,107,99,103,97,97,96,80,110,101,97,106,102,103,155,101,80",
                        "endOffsets": "205,303,415,501,607,722,800,876,968,1061,1157,1258,1366,1466,1570,1668,1766,1863,1944,2055,2157,2255,2362,2465,2569,2725,2827,2908"
                    },
                    "to": {
                        "startLines": "2,3,4,5,6,7,8,9,10,11,12,13,14,15,16,17,18,19,20,21,22,23,24,25,26,27,28,47",
                        "startColumns": "4,4,4,4,4,4,4,4,4,4,4,4,4,4,4,4,4,4,4,4,4,4,4,4,4,4,4,4",
                        "startOffsets": "105,210,308,420,506,612,727,805,881,973,1066,1162,1263,1371,1471,1575,1673,1771,1868,1949,2060,2162,2260,2367,2470,2574,2730,5672",
                        "endColumns": "104,97,111,85,105,114,77,75,91,92,95,100,107,99,103,97,97,96,80,110,101,97,106,102,103,155,101,80",
                        "endOffsets": "205,303,415,501,607,722,800,876,968,1061,1157,1258,1366,1466,1570,1668,1766,1863,1944,2055,2157,2255,2362,2465,2569,2725,2827,5748"
                    }
                },
                {
                    "source": "C:\\Users\\Niranjan PC\\.gradle\\caches\\transforms-2\\files-2.1\\e91594602c73eba9f0c6fb1745d43dba\\core-1.1.0\\res\\values-de\\values-de.xml",
                    "from": {
                        "startLines": "2",
                        "startColumns": "4",
                        "startOffsets": "55",
                        "endColumns": "100",
                        "endOffsets": "151"
                    },
                    "to": {
                        "startLines": "48",
                        "startColumns": "4",
                        "startOffsets": "5753",
                        "endColumns": "100",
                        "endOffsets": "5849"
                    }
                },
                {
                    "source": "C:\\Users\\Niranjan PC\\.gradle\\caches\\transforms-2\\files-2.1\\5b125700d43ec4bd67ed283e8e34946d\\jetified-play-services-base-16.0.1\\res\\values-de\\values.xml",
                    "from": {
                        "startLines": "4,5,6,7,8,9,10,11,12,13,14,15,16,17,18,19,20",
                        "startColumns": "0,0,0,0,0,0,0,0,0,0,0,0,0,0,0,0,0",
                        "startOffsets": "245,352,548,674,784,1021,1150,1297,1441,1680,1790,1990,2119,2340,2542,2639,2728",
                        "endColumns": "106,195,125,109,236,128,146,143,238,109,199,128,220,201,96,88,104",
                        "endOffsets": "351,547,673,783,1020,1149,1296,1440,1679,1789,1989,2118,2339,2541,2638,2727,2832"
                    },
                    "to": {
                        "startLines": "29,30,31,32,33,34,35,36,38,39,40,41,42,43,44,45,46",
                        "startColumns": "4,4,4,4,4,4,4,4,4,4,4,4,4,4,4,4,4",
                        "startOffsets": "2832,2943,3139,3269,3383,3620,3753,3904,4256,4495,4609,4809,4942,5163,5369,5470,5563",
                        "endColumns": "110,195,129,113,236,132,150,147,238,113,199,132,220,205,100,92,108",
                        "endOffsets": "2938,3134,3264,3378,3615,3748,3899,4047,4490,4604,4804,4937,5158,5364,5465,5558,5667"
                    }
                }
            ]
        }
    ]
}