{
    "logs": [
        {
            "outputFile": "C:\\Users\\Niranjan PC\\Desktop\\Object Detection\\Android\\ThirdEye\\app\\build\\intermediates\\incremental\\mergeDebugResources\\merged.dir\\values-sk\\values-sk.xml",
            "map": [
                {
                    "source": "C:\\Users\\Niranjan PC\\.gradle\\caches\\transforms-2\\files-2.1\\5b125700d43ec4bd67ed283e8e34946d\\jetified-play-services-base-16.0.1\\res\\values-sk\\values.xml",
                    "from": {
                        "startLines": "4,5,6,7,8,9,10,11,12,13,14,15,16,17,18,19,20",
                        "startColumns": "0,0,0,0,0,0,0,0,0,0,0,0,0,0,0,0,0",
                        "startOffsets": "245,349,541,663,771,986,1112,1251,1378,1606,1715,1916,2044,2266,2456,2550,2643",
                        "endColumns": "103,191,121,107,214,125,138,126,227,108,200,127,221,189,93,92,111",
                        "endOffsets": "348,540,662,770,985,1111,1250,1377,1605,1714,1915,2043,2265,2455,2549,2642,2754"
                    },
                    "to": {
                        "startLines": "29,30,31,32,33,34,35,36,38,39,40,41,42,43,44,45,46",
                        "startColumns": "4,4,4,4,4,4,4,4,4,4,4,4,4,4,4,4,4",
                        "startOffsets": "2817,2925,3117,3243,3355,3570,3700,3843,4172,4400,4513,4714,4846,5068,5262,5360,5457",
                        "endColumns": "107,191,125,111,214,129,142,130,227,112,200,131,221,193,97,96,115",
                        "endOffsets": "2920,3112,3238,3350,3565,3695,3838,3969,4395,4508,4709,4841,5063,5257,5355,5452,5568"
                    }
                },
                {
                    "source": "C:\\Users\\Niranjan PC\\.gradle\\caches\\transforms-2\\files-2.1\\e91594602c73eba9f0c6fb1745d43dba\\core-1.1.0\\res\\values-sk\\values-sk.xml",
                    "from": {
                        "startLines": "2",
                        "startColumns": "4",
                        "startOffsets": "55",
                        "endColumns": "100",
                        "endOffsets": "151"
                    },
                    "to": {
                        "startLines": "48",
                        "startColumns": "4",
                        "startOffsets": "5655",
                        "endColumns": "100",
                        "endOffsets": "5751"
                    }
                },
                {
                    "source": "C:\\Users\\Niranjan PC\\.gradle\\caches\\transforms-2\\files-2.1\\53af1f37d65227eb5bcf361cc28c52ea\\appcompat-1.1.0\\res\\values-sk\\values-sk.xml",
                    "from": {
                        "startLines": "2,3,4,5,6,7,8,9,10,11,12,13,14,15,16,17,18,19,20,21,22,23,24,25,26,27,28,29",
                        "startColumns": "4,4,4,4,4,4,4,4,4,4,4,4,4,4,4,4,4,4,4,4,4,4,4,4,4,4,4,4",
                        "startOffsets": "105,212,313,424,510,618,736,815,893,984,1076,1174,1268,1369,1462,1557,1655,1746,1837,1920,2025,2133,2232,2338,2450,2553,2719,2817",
                        "endColumns": "106,100,110,85,107,117,78,77,90,91,97,93,100,92,94,97,90,90,82,104,107,98,105,111,102,165,97,81",
                        "endOffsets": "207,308,419,505,613,731,810,888,979,1071,1169,1263,1364,1457,1552,1650,1741,1832,1915,2020,2128,2227,2333,2445,2548,2714,2812,2894"
                    },
                    "to": {
                        "startLines": "2,3,4,5,6,7,8,9,10,11,12,13,14,15,16,17,18,19,20,21,22,23,24,25,26,27,28,47",
                        "startColumns": "4,4,4,4,4,4,4,4,4,4,4,4,4,4,4,4,4,4,4,4,4,4,4,4,4,4,4,4",
                        "startOffsets": "105,212,313,424,510,618,736,815,893,984,1076,1174,1268,1369,1462,1557,1655,1746,1837,1920,2025,2133,2232,2338,2450,2553,2719,5573",
                        "endColumns": "106,100,110,85,107,117,78,77,90,91,97,93,100,92,94,97,90,90,82,104,107,98,105,111,102,165,97,81",
                        "endOffsets": "207,308,419,505,613,731,810,888,979,1071,1169,1263,1364,1457,1552,1650,1741,1832,1915,2020,2128,2227,2333,2445,2548,2714,2812,5650"
                    }
                },
                {
                    "source": "C:\\Users\\Niranjan PC\\.gradle\\caches\\transforms-2\\files-2.1\\d014c553055b6d9fe1cb459e928379d0\\jetified-play-services-basement-16.1.0\\res\\values-sk\\values.xml",
                    "from": {
                        "startLines": "4",
                        "startColumns": "0",
                        "startOffsets": "247",
                        "endColumns": "197",
                        "endOffsets": "444"
                    },
                    "to": {
                        "startLines": "37",
                        "startColumns": "4",
                        "startOffsets": "3974",
                        "endColumns": "197",
                        "endOffsets": "4167"
                    }
                }
            ]
        }
    ]
}