{
    "logs": [
        {
            "outputFile": "C:\\Users\\Niranjan PC\\Desktop\\Object Detection\\Android\\ThirdEye\\app\\build\\intermediates\\incremental\\mergeDebugResources\\merged.dir\\values-tl\\values-tl.xml",
            "map": [
                {
                    "source": "C:\\Users\\Niranjan PC\\.gradle\\caches\\transforms-2\\files-2.1\\5b125700d43ec4bd67ed283e8e34946d\\jetified-play-services-base-16.0.1\\res\\values-tl\\values.xml",
                    "from": {
                        "startLines": "4,5,6,7,8,9,10,11,12,13,14,15,16,17,18,19,20",
                        "startColumns": "0,0,0,0,0,0,0,0,0,0,0,0,0,0,0,0,0",
                        "startOffsets": "245,350,558,694,801,1018,1152,1300,1438,1676,1781,1990,2126,2347,2552,2646,2738",
                        "endColumns": "104,207,135,106,216,133,147,137,237,104,208,135,220,204,93,91,105",
                        "endOffsets": "349,557,693,800,1017,1151,1299,1437,1675,1780,1989,2125,2346,2551,2645,2737,2843"
                    },
                    "to": {
                        "startLines": "29,30,31,32,33,34,35,36,38,39,40,41,42,43,44,45,46",
                        "startColumns": "4,4,4,4,4,4,4,4,4,4,4,4,4,4,4,4,4",
                        "startOffsets": "2845,2954,3162,3302,3413,3630,3768,3920,4267,4505,4614,4823,4963,5184,5393,5491,5587",
                        "endColumns": "108,207,139,110,216,137,151,141,237,108,208,139,220,208,97,95,109",
                        "endOffsets": "2949,3157,3297,3408,3625,3763,3915,4057,4500,4609,4818,4958,5179,5388,5486,5582,5692"
                    }
                },
                {
                    "source": "C:\\Users\\Niranjan PC\\.gradle\\caches\\transforms-2\\files-2.1\\53af1f37d65227eb5bcf361cc28c52ea\\appcompat-1.1.0\\res\\values-tl\\values-tl.xml",
                    "from": {
                        "startLines": "2,3,4,5,6,7,8,9,10,11,12,13,14,15,16,17,18,19,20,21,22,23,24,25,26,27,28,29",
                        "startColumns": "4,4,4,4,4,4,4,4,4,4,4,4,4,4,4,4,4,4,4,4,4,4,4,4,4,4,4,4",
                        "startOffsets": "105,216,324,437,525,631,746,826,904,995,1087,1182,1276,1377,1470,1565,1659,1750,1841,1924,2033,2143,2244,2354,2472,2580,2743,2845",
                        "endColumns": "110,107,112,87,105,114,79,77,90,91,94,93,100,92,94,93,90,90,82,108,109,100,109,117,107,162,101,83",
                        "endOffsets": "211,319,432,520,626,741,821,899,990,1082,1177,1271,1372,1465,1560,1654,1745,1836,1919,2028,2138,2239,2349,2467,2575,2738,2840,2924"
                    },
                    "to": {
                        "startLines": "2,3,4,5,6,7,8,9,10,11,12,13,14,15,16,17,18,19,20,21,22,23,24,25,26,27,28,47",
                        "startColumns": "4,4,4,4,4,4,4,4,4,4,4,4,4,4,4,4,4,4,4,4,4,4,4,4,4,4,4,4",
                        "startOffsets": "105,216,324,437,525,631,746,826,904,995,1087,1182,1276,1377,1470,1565,1659,1750,1841,1924,2033,2143,2244,2354,2472,2580,2743,5697",
                        "endColumns": "110,107,112,87,105,114,79,77,90,91,94,93,100,92,94,93,90,90,82,108,109,100,109,117,107,162,101,83",
                        "endOffsets": "211,319,432,520,626,741,821,899,990,1082,1177,1271,1372,1465,1560,1654,1745,1836,1919,2028,2138,2239,2349,2467,2575,2738,2840,5776"
                    }
                },
                {
                    "source": "C:\\Users\\Niranjan PC\\.gradle\\caches\\transforms-2\\files-2.1\\d014c553055b6d9fe1cb459e928379d0\\jetified-play-services-basement-16.1.0\\res\\values-tl\\values.xml",
                    "from": {
                        "startLines": "4",
                        "startColumns": "0",
                        "startOffsets": "247",
                        "endColumns": "204",
                        "endOffsets": "451"
                    },
                    "to": {
                        "startLines": "37",
                        "startColumns": "4",
                        "startOffsets": "4062",
                        "endColumns": "204",
                        "endOffsets": "4262"
                    }
                },
                {
                    "source": "C:\\Users\\Niranjan PC\\.gradle\\caches\\transforms-2\\files-2.1\\e91594602c73eba9f0c6fb1745d43dba\\core-1.1.0\\res\\values-tl\\values-tl.xml",
                    "from": {
                        "startLines": "2",
                        "startColumns": "4",
                        "startOffsets": "55",
                        "endColumns": "100",
                        "endOffsets": "151"
                    },
                    "to": {
                        "startLines": "48",
                        "startColumns": "4",
                        "startOffsets": "5781",
                        "endColumns": "100",
                        "endOffsets": "5877"
                    }
                }
            ]
        }
    ]
}