{
    "logs": [
        {
            "outputFile": "C:\\Users\\Niranjan PC\\Desktop\\Object Detection\\Android\\ThirdEye\\app\\build\\intermediates\\incremental\\mergeDebugResources\\merged.dir\\values-v26\\values-v26.xml",
            "map": [
                {
                    "source": "C:\\Users\\Niranjan PC\\.gradle\\caches\\transforms-2\\files-2.1\\53af1f37d65227eb5bcf361cc28c52ea\\appcompat-1.1.0\\res\\values-v26\\values-v26.xml",
                    "from": {
                        "startLines": "2,3,4,8,12,16",
                        "startColumns": "4,4,4,4,4,4",
                        "startOffsets": "55,130,217,431,657,896",
                        "endLines": "2,3,7,11,15,16",
                        "endColumns": "74,86,12,12,12,92",
                        "endOffsets": "125,212,426,652,891,984"
                    }
                }
            ]
        }
    ]
}