{
    "logs": [
        {
            "outputFile": "C:\\Users\\Niranjan PC\\Desktop\\Object Detection\\Android\\ThirdEye\\app\\build\\intermediates\\incremental\\mergeDebugResources\\merged.dir\\values-in\\values-in.xml",
            "map": [
                {
                    "source": "C:\\Users\\Niranjan PC\\.gradle\\caches\\transforms-2\\files-2.1\\5b125700d43ec4bd67ed283e8e34946d\\jetified-play-services-base-16.0.1\\res\\values-in\\values.xml",
                    "from": {
                        "startLines": "4,5,6,7,8,9,10,11,12,13,14,15,16,17,18,19,20",
                        "startColumns": "0,0,0,0,0,0,0,0,0,0,0,0,0,0,0,0,0",
                        "startOffsets": "245,350,546,670,774,988,1113,1254,1385,1610,1713,1908,2032,2246,2416,2506,2592",
                        "endColumns": "104,195,123,103,213,124,140,130,224,102,194,123,213,169,89,85,103",
                        "endOffsets": "349,545,669,773,987,1112,1253,1384,1609,1712,1907,2031,2245,2415,2505,2591,2695"
                    },
                    "to": {
                        "startLines": "29,30,31,32,33,34,35,36,38,39,40,41,42,43,44,45,46",
                        "startColumns": "4,4,4,4,4,4,4,4,4,4,4,4,4,4,4,4,4",
                        "startOffsets": "2809,2918,3114,3242,3350,3564,3693,3838,4164,4389,4496,4691,4819,5033,5207,5301,5391",
                        "endColumns": "108,195,127,107,213,128,144,134,224,106,194,127,213,173,93,89,107",
                        "endOffsets": "2913,3109,3237,3345,3559,3688,3833,3968,4384,4491,4686,4814,5028,5202,5296,5386,5494"
                    }
                },
                {
                    "source": "C:\\Users\\Niranjan PC\\.gradle\\caches\\transforms-2\\files-2.1\\e91594602c73eba9f0c6fb1745d43dba\\core-1.1.0\\res\\values-in\\values-in.xml",
                    "from": {
                        "startLines": "2",
                        "startColumns": "4",
                        "startOffsets": "55",
                        "endColumns": "100",
                        "endOffsets": "151"
                    },
                    "to": {
                        "startLines": "48",
                        "startColumns": "4",
                        "startOffsets": "5583",
                        "endColumns": "100",
                        "endOffsets": "5679"
                    }
                },
                {
                    "source": "C:\\Users\\Niranjan PC\\.gradle\\caches\\transforms-2\\files-2.1\\d014c553055b6d9fe1cb459e928379d0\\jetified-play-services-basement-16.1.0\\res\\values-in\\values.xml",
                    "from": {
                        "startLines": "4",
                        "startColumns": "0",
                        "startOffsets": "247",
                        "endColumns": "190",
                        "endOffsets": "437"
                    },
                    "to": {
                        "startLines": "37",
                        "startColumns": "4",
                        "startOffsets": "3973",
                        "endColumns": "190",
                        "endOffsets": "4159"
                    }
                },
                {
                    "source": "C:\\Users\\Niranjan PC\\.gradle\\caches\\transforms-2\\files-2.1\\53af1f37d65227eb5bcf361cc28c52ea\\appcompat-1.1.0\\res\\values-in\\values-in.xml",
                    "from": {
                        "startLines": "2,3,4,5,6,7,8,9,10,11,12,13,14,15,16,17,18,19,20,21,22,23,24,25,26,27,28,29",
                        "startColumns": "4,4,4,4,4,4,4,4,4,4,4,4,4,4,4,4,4,4,4,4,4,4,4,4,4,4,4,4",
                        "startOffsets": "105,220,324,429,516,620,736,819,898,989,1081,1176,1270,1371,1464,1559,1653,1744,1835,1920,2023,2128,2229,2333,2442,2550,2710,2809",
                        "endColumns": "114,103,104,86,103,115,82,78,90,91,94,93,100,92,94,93,90,90,84,102,104,100,103,108,107,159,98,83",
                        "endOffsets": "215,319,424,511,615,731,814,893,984,1076,1171,1265,1366,1459,1554,1648,1739,1830,1915,2018,2123,2224,2328,2437,2545,2705,2804,2888"
                    },
                    "to": {
                        "startLines": "2,3,4,5,6,7,8,9,10,11,12,13,14,15,16,17,18,19,20,21,22,23,24,25,26,27,28,47",
                        "startColumns": "4,4,4,4,4,4,4,4,4,4,4,4,4,4,4,4,4,4,4,4,4,4,4,4,4,4,4,4",
                        "startOffsets": "105,220,324,429,516,620,736,819,898,989,1081,1176,1270,1371,1464,1559,1653,1744,1835,1920,2023,2128,2229,2333,2442,2550,2710,5499",
                        "endColumns": "114,103,104,86,103,115,82,78,90,91,94,93,100,92,94,93,90,90,84,102,104,100,103,108,107,159,98,83",
                        "endOffsets": "215,319,424,511,615,731,814,893,984,1076,1171,1265,1366,1459,1554,1648,1739,1830,1915,2018,2123,2224,2328,2437,2545,2705,2804,5578"
                    }
                }
            ]
        }
    ]
}