{
    "logs": [
        {
            "outputFile": "C:\\Users\\Niranjan PC\\Desktop\\Object Detection\\Android\\ThirdEye\\app\\build\\intermediates\\incremental\\mergeDebugResources\\merged.dir\\values-be\\values-be.xml",
            "map": [
                {
                    "source": "C:\\Users\\Niranjan PC\\.gradle\\caches\\transforms-2\\files-2.1\\d014c553055b6d9fe1cb459e928379d0\\jetified-play-services-basement-16.1.0\\res\\values-be\\values.xml",
                    "from": {
                        "startLines": "4",
                        "startColumns": "0",
                        "startOffsets": "247",
                        "endColumns": "204",
                        "endOffsets": "451"
                    },
                    "to": {
                        "startLines": "37",
                        "startColumns": "4",
                        "startOffsets": "3997",
                        "endColumns": "204",
                        "endOffsets": "4197"
                    }
                },
                {
                    "source": "C:\\Users\\Niranjan PC\\.gradle\\caches\\transforms-2\\files-2.1\\e91594602c73eba9f0c6fb1745d43dba\\core-1.1.0\\res\\values-be\\values-be.xml",
                    "from": {
                        "startLines": "2",
                        "startColumns": "4",
                        "startOffsets": "55",
                        "endColumns": "100",
                        "endOffsets": "151"
                    },
                    "to": {
                        "startLines": "48",
                        "startColumns": "4",
                        "startOffsets": "5637",
                        "endColumns": "100",
                        "endOffsets": "5733"
                    }
                },
                {
                    "source": "C:\\Users\\Niranjan PC\\.gradle\\caches\\transforms-2\\files-2.1\\53af1f37d65227eb5bcf361cc28c52ea\\appcompat-1.1.0\\res\\values-be\\values-be.xml",
                    "from": {
                        "startLines": "2,3,4,5,6,7,8,9,10,11,12,13,14,15,16,17,18,19,20,21,22,23,24,25,26,27,28,29",
                        "startColumns": "4,4,4,4,4,4,4,4,4,4,4,4,4,4,4,4,4,4,4,4,4,4,4,4,4,4,4,4",
                        "startOffsets": "105,225,328,444,530,635,754,834,912,1004,1097,1192,1286,1382,1476,1572,1667,1759,1851,1931,2037,2142,2240,2348,2454,2562,2735,2835",
                        "endColumns": "119,102,115,85,104,118,79,77,91,92,94,93,95,93,95,94,91,91,79,105,104,97,107,105,107,172,99,80",
                        "endOffsets": "220,323,439,525,630,749,829,907,999,1092,1187,1281,1377,1471,1567,1662,1754,1846,1926,2032,2137,2235,2343,2449,2557,2730,2830,2911"
                    },
                    "to": {
                        "startLines": "2,3,4,5,6,7,8,9,10,11,12,13,14,15,16,17,18,19,20,21,22,23,24,25,26,27,28,47",
                        "startColumns": "4,4,4,4,4,4,4,4,4,4,4,4,4,4,4,4,4,4,4,4,4,4,4,4,4,4,4,4",
                        "startOffsets": "105,225,328,444,530,635,754,834,912,1004,1097,1192,1286,1382,1476,1572,1667,1759,1851,1931,2037,2142,2240,2348,2454,2562,2735,5556",
                        "endColumns": "119,102,115,85,104,118,79,77,91,92,94,93,95,93,95,94,91,91,79,105,104,97,107,105,107,172,99,80",
                        "endOffsets": "220,323,439,525,630,749,829,907,999,1092,1187,1281,1377,1471,1567,1662,1754,1846,1926,2032,2137,2235,2343,2449,2557,2730,2830,5632"
                    }
                },
                {
                    "source": "C:\\Users\\Niranjan PC\\.gradle\\caches\\transforms-2\\files-2.1\\5b125700d43ec4bd67ed283e8e34946d\\jetified-play-services-base-16.0.1\\res\\values-be\\values.xml",
                    "from": {
                        "startLines": "4,5,6,7,8,9,10,11,12,13,14,15,16,17,18,19,20",
                        "startColumns": "0,0,0,0,0,0,0,0,0,0,0,0,0,0,0,0,0",
                        "startOffsets": "245,350,544,667,775,989,1113,1254,1383,1604,1709,1903,2029,2241,2426,2521,2609",
                        "endColumns": "104,193,122,107,213,123,140,128,220,104,193,125,211,184,94,87,103",
                        "endOffsets": "349,543,666,774,988,1112,1253,1382,1603,1708,1902,2028,2240,2425,2520,2608,2712"
                    },
                    "to": {
                        "startLines": "29,30,31,32,33,34,35,36,38,39,40,41,42,43,44,45,46",
                        "startColumns": "4,4,4,4,4,4,4,4,4,4,4,4,4,4,4,4,4",
                        "startOffsets": "2835,2944,3138,3265,3377,3591,3719,3864,4202,4423,4532,4726,4856,5068,5257,5356,5448",
                        "endColumns": "108,193,126,111,213,127,144,132,220,108,193,129,211,188,98,91,107",
                        "endOffsets": "2939,3133,3260,3372,3586,3714,3859,3992,4418,4527,4721,4851,5063,5252,5351,5443,5551"
                    }
                }
            ]
        }
    ]
}