{
    "logs": [
        {
            "outputFile": "C:\\Users\\Niranjan PC\\Desktop\\Object Detection\\Android\\ThirdEye\\app\\build\\intermediates\\incremental\\mergeDebugResources\\merged.dir\\values-zh-rHK\\values-zh-rHK.xml",
            "map": [
                {
                    "source": "C:\\Users\\Niranjan PC\\.gradle\\caches\\transforms-2\\files-2.1\\53af1f37d65227eb5bcf361cc28c52ea\\appcompat-1.1.0\\res\\values-zh-rHK\\values-zh-rHK.xml",
                    "from": {
                        "startLines": "2,3,4,5,6,7,8,9,10,11,12,13,14,15,16,17,18,19,20,21,22,23,24,25,26,27,28,29",
                        "startColumns": "4,4,4,4,4,4,4,4,4,4,4,4,4,4,4,4,4,4,4,4,4,4,4,4,4,4,4,4",
                        "startOffsets": "105,200,293,393,475,572,680,757,833,925,1018,1109,1205,1301,1395,1491,1583,1675,1767,1844,1940,2035,2130,2227,2323,2421,2572,2666",
                        "endColumns": "94,92,99,81,96,107,76,75,91,92,90,95,95,93,95,91,91,91,76,95,94,94,96,95,97,150,93,77",
                        "endOffsets": "195,288,388,470,567,675,752,828,920,1013,1104,1200,1296,1390,1486,1578,1670,1762,1839,1935,2030,2125,2222,2318,2416,2567,2661,2739"
                    },
                    "to": {
                        "startLines": "2,3,4,5,6,7,8,9,10,11,12,13,14,15,16,17,18,19,20,21,22,23,24,25,26,27,28,47",
                        "startColumns": "4,4,4,4,4,4,4,4,4,4,4,4,4,4,4,4,4,4,4,4,4,4,4,4,4,4,4,4",
                        "startOffsets": "105,200,293,393,475,572,680,757,833,925,1018,1109,1205,1301,1395,1491,1583,1675,1767,1844,1940,2035,2130,2227,2323,2421,2572,4981",
                        "endColumns": "94,92,99,81,96,107,76,75,91,92,90,95,95,93,95,91,91,91,76,95,94,94,96,95,97,150,93,77",
                        "endOffsets": "195,288,388,470,567,675,752,828,920,1013,1104,1200,1296,1390,1486,1578,1670,1762,1839,1935,2030,2125,2222,2318,2416,2567,2661,5054"
                    }
                },
                {
                    "source": "C:\\Users\\Niranjan PC\\.gradle\\caches\\transforms-2\\files-2.1\\5b125700d43ec4bd67ed283e8e34946d\\jetified-play-services-base-16.0.1\\res\\values-zh-rHK\\values.xml",
                    "from": {
                        "startLines": "4,5,6,7,8,9,10,11,12,13,14,15,16,17,18,19,20",
                        "startColumns": "0,0,0,0,0,0,0,0,0,0,0,0,0,0,0,0,0",
                        "startOffsets": "249,348,508,621,721,887,1001,1129,1247,1416,1515,1675,1788,1954,2088,2169,2252",
                        "endColumns": "98,159,112,99,165,113,127,117,168,98,159,112,165,133,80,82,96",
                        "endOffsets": "347,507,620,720,886,1000,1128,1246,1415,1514,1674,1787,1953,2087,2168,2251,2348"
                    },
                    "to": {
                        "startLines": "29,30,31,32,33,34,35,36,38,39,40,41,42,43,44,45,46",
                        "startColumns": "4,4,4,4,4,4,4,4,4,4,4,4,4,4,4,4,4",
                        "startOffsets": "2666,2769,2929,3046,3150,3316,3434,3566,3855,4024,4127,4287,4404,4570,4708,4793,4880",
                        "endColumns": "102,159,116,103,165,117,131,121,168,102,159,116,165,137,84,86,100",
                        "endOffsets": "2764,2924,3041,3145,3311,3429,3561,3683,4019,4122,4282,4399,4565,4703,4788,4875,4976"
                    }
                },
                {
                    "source": "C:\\Users\\Niranjan PC\\.gradle\\caches\\transforms-2\\files-2.1\\d014c553055b6d9fe1cb459e928379d0\\jetified-play-services-basement-16.1.0\\res\\values-zh-rHK\\values.xml",
                    "from": {
                        "startLines": "4",
                        "startColumns": "0",
                        "startOffsets": "251",
                        "endColumns": "166",
                        "endOffsets": "417"
                    },
                    "to": {
                        "startLines": "37",
                        "startColumns": "4",
                        "startOffsets": "3688",
                        "endColumns": "166",
                        "endOffsets": "3850"
                    }
                },
                {
                    "source": "C:\\Users\\Niranjan PC\\.gradle\\caches\\transforms-2\\files-2.1\\e91594602c73eba9f0c6fb1745d43dba\\core-1.1.0\\res\\values-zh-rHK\\values-zh-rHK.xml",
                    "from": {
                        "startLines": "2",
                        "startColumns": "4",
                        "startOffsets": "55",
                        "endColumns": "100",
                        "endOffsets": "151"
                    },
                    "to": {
                        "startLines": "48",
                        "startColumns": "4",
                        "startOffsets": "5059",
                        "endColumns": "100",
                        "endOffsets": "5155"
                    }
                }
            ]
        }
    ]
}