{
    "logs": [
        {
            "outputFile": "C:\\Users\\Niranjan PC\\Desktop\\Object Detection\\Android\\ThirdEye\\app\\build\\intermediates\\incremental\\mergeDebugResources\\merged.dir\\values-mr\\values-mr.xml",
            "map": [
                {
                    "source": "C:\\Users\\Niranjan PC\\.gradle\\caches\\transforms-2\\files-2.1\\5b125700d43ec4bd67ed283e8e34946d\\jetified-play-services-base-16.0.1\\res\\values-mr\\values.xml",
                    "from": {
                        "startLines": "4,5,6,7,8,9,10,11,12,13,14,15,16,17,18,19,20",
                        "startColumns": "0,0,0,0,0,0,0,0,0,0,0,0,0,0,0,0,0",
                        "startOffsets": "245,350,549,670,780,984,1103,1237,1359,1568,1674,1859,1981,2179,2358,2444,2536",
                        "endColumns": "104,198,120,109,203,118,133,121,208,105,184,121,197,178,85,91,105",
                        "endOffsets": "349,548,669,779,983,1102,1236,1358,1567,1673,1858,1980,2178,2357,2443,2535,2641"
                    },
                    "to": {
                        "startLines": "29,30,31,32,33,34,35,36,38,39,40,41,42,43,44,45,46",
                        "startColumns": "4,4,4,4,4,4,4,4,4,4,4,4,4,4,4,4,4",
                        "startOffsets": "2795,2904,3103,3228,3342,3546,3669,3807,4135,4344,4454,4639,4765,4963,5146,5236,5332",
                        "endColumns": "108,198,124,113,203,122,137,125,208,109,184,125,197,182,89,95,109",
                        "endOffsets": "2899,3098,3223,3337,3541,3664,3802,3928,4339,4449,4634,4760,4958,5141,5231,5327,5437"
                    }
                },
                {
                    "source": "C:\\Users\\Niranjan PC\\.gradle\\caches\\transforms-2\\files-2.1\\53af1f37d65227eb5bcf361cc28c52ea\\appcompat-1.1.0\\res\\values-mr\\values-mr.xml",
                    "from": {
                        "startLines": "2,3,4,5,6,7,8,9,10,11,12,13,14,15,16,17,18,19,20,21,22,23,24,25,26,27,28,29",
                        "startColumns": "4,4,4,4,4,4,4,4,4,4,4,4,4,4,4,4,4,4,4,4,4,4,4,4,4,4,4,4",
                        "startOffsets": "105,216,322,429,519,621,733,811,889,980,1072,1165,1262,1363,1456,1551,1645,1736,1827,1906,2013,2114,2210,2319,2421,2535,2692,2795",
                        "endColumns": "110,105,106,89,101,111,77,77,90,91,92,96,100,92,94,93,90,90,78,106,100,95,108,101,113,156,102,78",
                        "endOffsets": "211,317,424,514,616,728,806,884,975,1067,1160,1257,1358,1451,1546,1640,1731,1822,1901,2008,2109,2205,2314,2416,2530,2687,2790,2869"
                    },
                    "to": {
                        "startLines": "2,3,4,5,6,7,8,9,10,11,12,13,14,15,16,17,18,19,20,21,22,23,24,25,26,27,28,47",
                        "startColumns": "4,4,4,4,4,4,4,4,4,4,4,4,4,4,4,4,4,4,4,4,4,4,4,4,4,4,4,4",
                        "startOffsets": "105,216,322,429,519,621,733,811,889,980,1072,1165,1262,1363,1456,1551,1645,1736,1827,1906,2013,2114,2210,2319,2421,2535,2692,5442",
                        "endColumns": "110,105,106,89,101,111,77,77,90,91,92,96,100,92,94,93,90,90,78,106,100,95,108,101,113,156,102,78",
                        "endOffsets": "211,317,424,514,616,728,806,884,975,1067,1160,1257,1358,1451,1546,1640,1731,1822,1901,2008,2109,2205,2314,2416,2530,2687,2790,5516"
                    }
                },
                {
                    "source": "C:\\Users\\Niranjan PC\\.gradle\\caches\\transforms-2\\files-2.1\\d014c553055b6d9fe1cb459e928379d0\\jetified-play-services-basement-16.1.0\\res\\values-mr\\values.xml",
                    "from": {
                        "startLines": "4",
                        "startColumns": "0",
                        "startOffsets": "247",
                        "endColumns": "201",
                        "endOffsets": "448"
                    },
                    "to": {
                        "startLines": "37",
                        "startColumns": "4",
                        "startOffsets": "3933",
                        "endColumns": "201",
                        "endOffsets": "4130"
                    }
                },
                {
                    "source": "C:\\Users\\Niranjan PC\\.gradle\\caches\\transforms-2\\files-2.1\\e91594602c73eba9f0c6fb1745d43dba\\core-1.1.0\\res\\values-mr\\values-mr.xml",
                    "from": {
                        "startLines": "2",
                        "startColumns": "4",
                        "startOffsets": "55",
                        "endColumns": "100",
                        "endOffsets": "151"
                    },
                    "to": {
                        "startLines": "48",
                        "startColumns": "4",
                        "startOffsets": "5521",
                        "endColumns": "100",
                        "endOffsets": "5617"
                    }
                }
            ]
        }
    ]
}