{
    "logs": [
        {
            "outputFile": "C:\\Users\\Niranjan PC\\Desktop\\Object Detection\\Android\\ThirdEye\\app\\build\\intermediates\\incremental\\mergeDebugResources\\merged.dir\\values-sw\\values-sw.xml",
            "map": [
                {
                    "source": "C:\\Users\\Niranjan PC\\.gradle\\caches\\transforms-2\\files-2.1\\5b125700d43ec4bd67ed283e8e34946d\\jetified-play-services-base-16.0.1\\res\\values-sw\\values.xml",
                    "from": {
                        "startLines": "4,5,6,7,8,9,10,11,12,13,14,15,16,17,18,19,20",
                        "startColumns": "0,0,0,0,0,0,0,0,0,0,0,0,0,0,0,0,0",
                        "startOffsets": "245,347,535,658,765,987,1110,1255,1394,1618,1722,1907,2032,2241,2426,2520,2621",
                        "endColumns": "101,187,122,106,221,122,144,138,223,103,184,124,208,184,93,100,120",
                        "endOffsets": "346,534,657,764,986,1109,1254,1393,1617,1721,1906,2031,2240,2425,2519,2620,2741"
                    },
                    "to": {
                        "startLines": "29,30,31,32,33,34,35,36,38,39,40,41,42,43,44,45,46",
                        "startColumns": "4,4,4,4,4,4,4,4,4,4,4,4,4,4,4,4,4",
                        "startOffsets": "2801,2907,3095,3222,3333,3555,3682,3831,4179,4403,4511,4696,4825,5034,5223,5321,5426",
                        "endColumns": "105,187,126,110,221,126,148,142,223,107,184,128,208,188,97,104,124",
                        "endOffsets": "2902,3090,3217,3328,3550,3677,3826,3969,4398,4506,4691,4820,5029,5218,5316,5421,5546"
                    }
                },
                {
                    "source": "C:\\Users\\Niranjan PC\\.gradle\\caches\\transforms-2\\files-2.1\\d014c553055b6d9fe1cb459e928379d0\\jetified-play-services-basement-16.1.0\\res\\values-sw\\values.xml",
                    "from": {
                        "startLines": "4",
                        "startColumns": "0",
                        "startOffsets": "247",
                        "endColumns": "204",
                        "endOffsets": "451"
                    },
                    "to": {
                        "startLines": "37",
                        "startColumns": "4",
                        "startOffsets": "3974",
                        "endColumns": "204",
                        "endOffsets": "4174"
                    }
                },
                {
                    "source": "C:\\Users\\Niranjan PC\\.gradle\\caches\\transforms-2\\files-2.1\\e91594602c73eba9f0c6fb1745d43dba\\core-1.1.0\\res\\values-sw\\values-sw.xml",
                    "from": {
                        "startLines": "2",
                        "startColumns": "4",
                        "startOffsets": "55",
                        "endColumns": "100",
                        "endOffsets": "151"
                    },
                    "to": {
                        "startLines": "48",
                        "startColumns": "4",
                        "startOffsets": "5633",
                        "endColumns": "100",
                        "endOffsets": "5729"
                    }
                },
                {
                    "source": "C:\\Users\\Niranjan PC\\.gradle\\caches\\transforms-2\\files-2.1\\53af1f37d65227eb5bcf361cc28c52ea\\appcompat-1.1.0\\res\\values-sw\\values-sw.xml",
                    "from": {
                        "startLines": "2,3,4,5,6,7,8,9,10,11,12,13,14,15,16,17,18,19,20,21,22,23,24,25,26,27,28,29",
                        "startColumns": "4,4,4,4,4,4,4,4,4,4,4,4,4,4,4,4,4,4,4,4,4,4,4,4,4,4,4,4",
                        "startOffsets": "105,208,307,415,505,610,727,810,893,984,1076,1171,1265,1366,1459,1554,1648,1739,1830,1911,2012,2120,2219,2326,2438,2542,2704,2801",
                        "endColumns": "102,98,107,89,104,116,82,82,90,91,94,93,100,92,94,93,90,90,80,100,107,98,106,111,103,161,96,81",
                        "endOffsets": "203,302,410,500,605,722,805,888,979,1071,1166,1260,1361,1454,1549,1643,1734,1825,1906,2007,2115,2214,2321,2433,2537,2699,2796,2878"
                    },
                    "to": {
                        "startLines": "2,3,4,5,6,7,8,9,10,11,12,13,14,15,16,17,18,19,20,21,22,23,24,25,26,27,28,47",
                        "startColumns": "4,4,4,4,4,4,4,4,4,4,4,4,4,4,4,4,4,4,4,4,4,4,4,4,4,4,4,4",
                        "startOffsets": "105,208,307,415,505,610,727,810,893,984,1076,1171,1265,1366,1459,1554,1648,1739,1830,1911,2012,2120,2219,2326,2438,2542,2704,5551",
                        "endColumns": "102,98,107,89,104,116,82,82,90,91,94,93,100,92,94,93,90,90,80,100,107,98,106,111,103,161,96,81",
                        "endOffsets": "203,302,410,500,605,722,805,888,979,1071,1166,1260,1361,1454,1549,1643,1734,1825,1906,2007,2115,2214,2321,2433,2537,2699,2796,5628"
                    }
                }
            ]
        }
    ]
}