{
    "logs": [
        {
            "outputFile": "C:\\Users\\Niranjan PC\\Desktop\\Object Detection\\Android\\ThirdEye\\app\\build\\intermediates\\incremental\\mergeDebugResources\\merged.dir\\values-is\\values-is.xml",
            "map": [
                {
                    "source": "C:\\Users\\Niranjan PC\\.gradle\\caches\\transforms-2\\files-2.1\\d014c553055b6d9fe1cb459e928379d0\\jetified-play-services-basement-16.1.0\\res\\values-is\\values.xml",
                    "from": {
                        "startLines": "4",
                        "startColumns": "0",
                        "startOffsets": "247",
                        "endColumns": "187",
                        "endOffsets": "434"
                    },
                    "to": {
                        "startLines": "37",
                        "startColumns": "4",
                        "startOffsets": "3911",
                        "endColumns": "187",
                        "endOffsets": "4094"
                    }
                },
                {
                    "source": "C:\\Users\\Niranjan PC\\.gradle\\caches\\transforms-2\\files-2.1\\5b125700d43ec4bd67ed283e8e34946d\\jetified-play-services-base-16.0.1\\res\\values-is\\values.xml",
                    "from": {
                        "startLines": "4,5,6,7,8,9,10,11,12,13,14,15,16,17,18,19,20",
                        "startColumns": "0,0,0,0,0,0,0,0,0,0,0,0,0,0,0,0,0",
                        "startOffsets": "245,349,535,658,765,965,1088,1223,1353,1566,1670,1858,1982,2183,2363,2453,2542",
                        "endColumns": "103,185,122,106,199,122,134,129,212,103,187,123,200,179,89,88,103",
                        "endOffsets": "348,534,657,764,964,1087,1222,1352,1565,1669,1857,1981,2182,2362,2452,2541,2645"
                    },
                    "to": {
                        "startLines": "29,30,31,32,33,34,35,36,38,39,40,41,42,43,44,45,46",
                        "startColumns": "4,4,4,4,4,4,4,4,4,4,4,4,4,4,4,4,4",
                        "startOffsets": "2779,2887,3073,3200,3311,3511,3638,3777,4099,4312,4420,4608,4736,4937,5121,5215,5308",
                        "endColumns": "107,185,126,110,199,126,138,133,212,107,187,127,200,183,93,92,107",
                        "endOffsets": "2882,3068,3195,3306,3506,3633,3772,3906,4307,4415,4603,4731,4932,5116,5210,5303,5411"
                    }
                },
                {
                    "source": "C:\\Users\\Niranjan PC\\.gradle\\caches\\transforms-2\\files-2.1\\e91594602c73eba9f0c6fb1745d43dba\\core-1.1.0\\res\\values-is\\values-is.xml",
                    "from": {
                        "startLines": "2",
                        "startColumns": "4",
                        "startOffsets": "55",
                        "endColumns": "100",
                        "endOffsets": "151"
                    },
                    "to": {
                        "startLines": "48",
                        "startColumns": "4",
                        "startOffsets": "5496",
                        "endColumns": "100",
                        "endOffsets": "5592"
                    }
                },
                {
                    "source": "C:\\Users\\Niranjan PC\\.gradle\\caches\\transforms-2\\files-2.1\\53af1f37d65227eb5bcf361cc28c52ea\\appcompat-1.1.0\\res\\values-is\\values-is.xml",
                    "from": {
                        "startLines": "2,3,4,5,6,7,8,9,10,11,12,13,14,15,16,17,18,19,20,21,22,23,24,25,26,27,28,29",
                        "startColumns": "4,4,4,4,4,4,4,4,4,4,4,4,4,4,4,4,4,4,4,4,4,4,4,4,4,4,4,4",
                        "startOffsets": "105,205,302,414,499,600,714,795,875,966,1058,1151,1245,1352,1445,1540,1635,1726,1820,1900,2010,2117,2214,2323,2423,2526,2681,2779",
                        "endColumns": "99,96,111,84,100,113,80,79,90,91,92,93,106,92,94,94,90,93,79,109,106,96,108,99,102,154,97,79",
                        "endOffsets": "200,297,409,494,595,709,790,870,961,1053,1146,1240,1347,1440,1535,1630,1721,1815,1895,2005,2112,2209,2318,2418,2521,2676,2774,2854"
                    },
                    "to": {
                        "startLines": "2,3,4,5,6,7,8,9,10,11,12,13,14,15,16,17,18,19,20,21,22,23,24,25,26,27,28,47",
                        "startColumns": "4,4,4,4,4,4,4,4,4,4,4,4,4,4,4,4,4,4,4,4,4,4,4,4,4,4,4,4",
                        "startOffsets": "105,205,302,414,499,600,714,795,875,966,1058,1151,1245,1352,1445,1540,1635,1726,1820,1900,2010,2117,2214,2323,2423,2526,2681,5416",
                        "endColumns": "99,96,111,84,100,113,80,79,90,91,92,93,106,92,94,94,90,93,79,109,106,96,108,99,102,154,97,79",
                        "endOffsets": "200,297,409,494,595,709,790,870,961,1053,1146,1240,1347,1440,1535,1630,1721,1815,1895,2005,2112,2209,2318,2418,2521,2676,2774,5491"
                    }
                }
            ]
        }
    ]
}