{
    "logs": [
        {
            "outputFile": "C:\\Users\\Niranjan PC\\Desktop\\Object Detection\\Android\\ThirdEye\\app\\build\\intermediates\\incremental\\mergeDebugResources\\merged.dir\\values-ja\\values-ja.xml",
            "map": [
                {
                    "source": "C:\\Users\\Niranjan PC\\.gradle\\caches\\transforms-2\\files-2.1\\e91594602c73eba9f0c6fb1745d43dba\\core-1.1.0\\res\\values-ja\\values-ja.xml",
                    "from": {
                        "startLines": "2",
                        "startColumns": "4",
                        "startOffsets": "55",
                        "endColumns": "100",
                        "endOffsets": "151"
                    },
                    "to": {
                        "startLines": "48",
                        "startColumns": "4",
                        "startOffsets": "5213",
                        "endColumns": "100",
                        "endOffsets": "5309"
                    }
                },
                {
                    "source": "C:\\Users\\Niranjan PC\\.gradle\\caches\\transforms-2\\files-2.1\\53af1f37d65227eb5bcf361cc28c52ea\\appcompat-1.1.0\\res\\values-ja\\values-ja.xml",
                    "from": {
                        "startLines": "2,3,4,5,6,7,8,9,10,11,12,13,14,15,16,17,18,19,20,21,22,23,24,25,26,27,28,29",
                        "startColumns": "4,4,4,4,4,4,4,4,4,4,4,4,4,4,4,4,4,4,4,4,4,4,4,4,4,4,4,4",
                        "startOffsets": "105,202,295,400,482,580,688,766,842,933,1025,1120,1214,1315,1408,1503,1597,1688,1779,1856,1958,2056,2151,2254,2350,2446,2594,2691",
                        "endColumns": "96,92,104,81,97,107,77,75,90,91,94,93,100,92,94,93,90,90,76,101,97,94,102,95,95,147,96,77",
                        "endOffsets": "197,290,395,477,575,683,761,837,928,1020,1115,1209,1310,1403,1498,1592,1683,1774,1851,1953,2051,2146,2249,2345,2441,2589,2686,2764"
                    },
                    "to": {
                        "startLines": "2,3,4,5,6,7,8,9,10,11,12,13,14,15,16,17,18,19,20,21,22,23,24,25,26,27,28,47",
                        "startColumns": "4,4,4,4,4,4,4,4,4,4,4,4,4,4,4,4,4,4,4,4,4,4,4,4,4,4,4,4",
                        "startOffsets": "105,202,295,400,482,580,688,766,842,933,1025,1120,1214,1315,1408,1503,1597,1688,1779,1856,1958,2056,2151,2254,2350,2446,2594,5135",
                        "endColumns": "96,92,104,81,97,107,77,75,90,91,94,93,100,92,94,93,90,90,76,101,97,94,102,95,95,147,96,77",
                        "endOffsets": "197,290,395,477,575,683,761,837,928,1020,1115,1209,1310,1403,1498,1592,1683,1774,1851,1953,2051,2146,2249,2345,2441,2589,2686,5208"
                    }
                },
                {
                    "source": "C:\\Users\\Niranjan PC\\.gradle\\caches\\transforms-2\\files-2.1\\5b125700d43ec4bd67ed283e8e34946d\\jetified-play-services-base-16.0.1\\res\\values-ja\\values.xml",
                    "from": {
                        "startLines": "4,5,6,7,8,9,10,11,12,13,14,15,16,17,18,19,20",
                        "startColumns": "0,0,0,0,0,0,0,0,0,0,0,0,0,0,0,0,0",
                        "startOffsets": "245,347,513,631,735,924,1042,1173,1297,1488,1587,1751,1868,2047,2193,2279,2364",
                        "endColumns": "101,165,117,103,188,117,130,123,190,98,163,116,178,145,85,84,95",
                        "endOffsets": "346,512,630,734,923,1041,1172,1296,1487,1586,1750,1867,2046,2192,2278,2363,2459"
                    },
                    "to": {
                        "startLines": "29,30,31,32,33,34,35,36,38,39,40,41,42,43,44,45,46",
                        "startColumns": "4,4,4,4,4,4,4,4,4,4,4,4,4,4,4,4,4",
                        "startOffsets": "2691,2797,2963,3085,3193,3382,3504,3639,3948,4139,4242,4406,4527,4706,4856,4946,5035",
                        "endColumns": "105,165,121,107,188,121,134,127,190,102,163,120,178,149,89,88,99",
                        "endOffsets": "2792,2958,3080,3188,3377,3499,3634,3762,4134,4237,4401,4522,4701,4851,4941,5030,5130"
                    }
                },
                {
                    "source": "C:\\Users\\Niranjan PC\\.gradle\\caches\\transforms-2\\files-2.1\\d014c553055b6d9fe1cb459e928379d0\\jetified-play-services-basement-16.1.0\\res\\values-ja\\values.xml",
                    "from": {
                        "startLines": "4",
                        "startColumns": "0",
                        "startOffsets": "247",
                        "endColumns": "180",
                        "endOffsets": "427"
                    },
                    "to": {
                        "startLines": "37",
                        "startColumns": "4",
                        "startOffsets": "3767",
                        "endColumns": "180",
                        "endOffsets": "3943"
                    }
                }
            ]
        }
    ]
}