{
    "logs": [
        {
            "outputFile": "C:\\Users\\Niranjan PC\\Desktop\\Object Detection\\Android\\ThirdEye\\app\\build\\intermediates\\incremental\\mergeDebugResources\\merged.dir\\values-gu\\values-gu.xml",
            "map": [
                {
                    "source": "C:\\Users\\Niranjan PC\\.gradle\\caches\\transforms-2\\files-2.1\\53af1f37d65227eb5bcf361cc28c52ea\\appcompat-1.1.0\\res\\values-gu\\values-gu.xml",
                    "from": {
                        "startLines": "2,3,4,5,6,7,8,9,10,11,12,13,14,15,16,17,18,19,20,21,22,23,24,25,26,27,28,29",
                        "startColumns": "4,4,4,4,4,4,4,4,4,4,4,4,4,4,4,4,4,4,4,4,4,4,4,4,4,4,4,4",
                        "startOffsets": "105,212,316,423,510,610,730,808,886,977,1069,1164,1258,1359,1452,1547,1641,1732,1823,1902,2008,2109,2206,2315,2415,2525,2685,2788",
                        "endColumns": "106,103,106,86,99,119,77,77,90,91,94,93,100,92,94,93,90,90,78,105,100,96,108,99,109,159,102,79",
                        "endOffsets": "207,311,418,505,605,725,803,881,972,1064,1159,1253,1354,1447,1542,1636,1727,1818,1897,2003,2104,2201,2310,2410,2520,2680,2783,2863"
                    },
                    "to": {
                        "startLines": "2,3,4,5,6,7,8,9,10,11,12,13,14,15,16,17,18,19,20,21,22,23,24,25,26,27,28,47",
                        "startColumns": "4,4,4,4,4,4,4,4,4,4,4,4,4,4,4,4,4,4,4,4,4,4,4,4,4,4,4,4",
                        "startOffsets": "105,212,316,423,510,610,730,808,886,977,1069,1164,1258,1359,1452,1547,1641,1732,1823,1902,2008,2109,2206,2315,2415,2525,2685,5453",
                        "endColumns": "106,103,106,86,99,119,77,77,90,91,94,93,100,92,94,93,90,90,78,105,100,96,108,99,109,159,102,79",
                        "endOffsets": "207,311,418,505,605,725,803,881,972,1064,1159,1253,1354,1447,1542,1636,1727,1818,1897,2003,2104,2201,2310,2410,2520,2680,2783,5528"
                    }
                },
                {
                    "source": "C:\\Users\\Niranjan PC\\.gradle\\caches\\transforms-2\\files-2.1\\5b125700d43ec4bd67ed283e8e34946d\\jetified-play-services-base-16.0.1\\res\\values-gu\\values.xml",
                    "from": {
                        "startLines": "4,5,6,7,8,9,10,11,12,13,14,15,16,17,18,19,20",
                        "startColumns": "0,0,0,0,0,0,0,0,0,0,0,0,0,0,0,0,0",
                        "startOffsets": "245,351,549,672,782,979,1099,1236,1361,1568,1674,1869,1992,2194,2370,2457,2549",
                        "endColumns": "105,197,122,109,196,119,136,124,206,105,194,122,201,175,86,91,106",
                        "endOffsets": "350,548,671,781,978,1098,1235,1360,1567,1673,1868,1991,2193,2369,2456,2548,2655"
                    },
                    "to": {
                        "startLines": "29,30,31,32,33,34,35,36,38,39,40,41,42,43,44,45,46",
                        "startColumns": "4,4,4,4,4,4,4,4,4,4,4,4,4,4,4,4,4",
                        "startOffsets": "2788,2898,3096,3223,3337,3534,3658,3799,4134,4341,4451,4646,4773,4975,5155,5246,5342",
                        "endColumns": "109,197,126,113,196,123,140,128,206,109,194,126,201,179,90,95,110",
                        "endOffsets": "2893,3091,3218,3332,3529,3653,3794,3923,4336,4446,4641,4768,4970,5150,5241,5337,5448"
                    }
                },
                {
                    "source": "C:\\Users\\Niranjan PC\\.gradle\\caches\\transforms-2\\files-2.1\\d014c553055b6d9fe1cb459e928379d0\\jetified-play-services-basement-16.1.0\\res\\values-gu\\values.xml",
                    "from": {
                        "startLines": "4",
                        "startColumns": "0",
                        "startOffsets": "247",
                        "endColumns": "205",
                        "endOffsets": "452"
                    },
                    "to": {
                        "startLines": "37",
                        "startColumns": "4",
                        "startOffsets": "3928",
                        "endColumns": "205",
                        "endOffsets": "4129"
                    }
                },
                {
                    "source": "C:\\Users\\Niranjan PC\\.gradle\\caches\\transforms-2\\files-2.1\\e91594602c73eba9f0c6fb1745d43dba\\core-1.1.0\\res\\values-gu\\values-gu.xml",
                    "from": {
                        "startLines": "2",
                        "startColumns": "4",
                        "startOffsets": "55",
                        "endColumns": "100",
                        "endOffsets": "151"
                    },
                    "to": {
                        "startLines": "48",
                        "startColumns": "4",
                        "startOffsets": "5533",
                        "endColumns": "100",
                        "endOffsets": "5629"
                    }
                }
            ]
        }
    ]
}