{
    "logs": [
        {
            "outputFile": "C:\\Users\\Niranjan PC\\Desktop\\Object Detection\\Android\\ThirdEye\\app\\build\\intermediates\\incremental\\mergeDebugResources\\merged.dir\\values-zh-rCN\\values-zh-rCN.xml",
            "map": [
                {
                    "source": "C:\\Users\\Niranjan PC\\.gradle\\caches\\transforms-2\\files-2.1\\d014c553055b6d9fe1cb459e928379d0\\jetified-play-services-basement-16.1.0\\res\\values-zh-rCN\\values.xml",
                    "from": {
                        "startLines": "4",
                        "startColumns": "0",
                        "startOffsets": "251",
                        "endColumns": "157",
                        "endOffsets": "408"
                    },
                    "to": {
                        "startLines": "37",
                        "startColumns": "4",
                        "startOffsets": "3682",
                        "endColumns": "157",
                        "endOffsets": "3835"
                    }
                },
                {
                    "source": "C:\\Users\\Niranjan PC\\.gradle\\caches\\transforms-2\\files-2.1\\e91594602c73eba9f0c6fb1745d43dba\\core-1.1.0\\res\\values-zh-rCN\\values-zh-rCN.xml",
                    "from": {
                        "startLines": "2",
                        "startColumns": "4",
                        "startOffsets": "55",
                        "endColumns": "100",
                        "endOffsets": "151"
                    },
                    "to": {
                        "startLines": "48",
                        "startColumns": "4",
                        "startOffsets": "5043",
                        "endColumns": "100",
                        "endOffsets": "5139"
                    }
                },
                {
                    "source": "C:\\Users\\Niranjan PC\\.gradle\\caches\\transforms-2\\files-2.1\\53af1f37d65227eb5bcf361cc28c52ea\\appcompat-1.1.0\\res\\values-zh-rCN\\values-zh-rCN.xml",
                    "from": {
                        "startLines": "2,3,4,5,6,7,8,9,10,11,12,13,14,15,16,17,18,19,20,21,22,23,24,25,26,27,28,29",
                        "startColumns": "4,4,4,4,4,4,4,4,4,4,4,4,4,4,4,4,4,4,4,4,4,4,4,4,4,4,4,4",
                        "startOffsets": "105,200,295,395,477,574,680,757,833,924,1016,1113,1209,1304,1397,1492,1584,1675,1766,1843,1939,2034,2129,2226,2322,2420,2568,2662",
                        "endColumns": "94,94,99,81,96,105,76,75,90,91,96,95,94,92,94,91,90,90,76,95,94,94,96,95,97,147,93,77",
                        "endOffsets": "195,290,390,472,569,675,752,828,919,1011,1108,1204,1299,1392,1487,1579,1670,1761,1838,1934,2029,2124,2221,2317,2415,2563,2657,2735"
                    },
                    "to": {
                        "startLines": "2,3,4,5,6,7,8,9,10,11,12,13,14,15,16,17,18,19,20,21,22,23,24,25,26,27,28,47",
                        "startColumns": "4,4,4,4,4,4,4,4,4,4,4,4,4,4,4,4,4,4,4,4,4,4,4,4,4,4,4,4",
                        "startOffsets": "105,200,295,395,477,574,680,757,833,924,1016,1113,1209,1304,1397,1492,1584,1675,1766,1843,1939,2034,2129,2226,2322,2420,2568,4965",
                        "endColumns": "94,94,99,81,96,105,76,75,90,91,96,95,94,92,94,91,90,90,76,95,94,94,96,95,97,147,93,77",
                        "endOffsets": "195,290,390,472,569,675,752,828,919,1011,1108,1204,1299,1392,1487,1579,1670,1761,1838,1934,2029,2124,2221,2317,2415,2563,2657,5038"
                    }
                },
                {
                    "source": "C:\\Users\\Niranjan PC\\.gradle\\caches\\transforms-2\\files-2.1\\5b125700d43ec4bd67ed283e8e34946d\\jetified-play-services-base-16.0.1\\res\\values-zh-rCN\\values.xml",
                    "from": {
                        "startLines": "4,5,6,7,8,9,10,11,12,13,14,15,16,17,18,19,20",
                        "startColumns": "0,0,0,0,0,0,0,0,0,0,0,0,0,0,0,0,0",
                        "startOffsets": "249,348,509,622,722,886,1000,1128,1245,1412,1511,1672,1785,1948,2082,2164,2247",
                        "endColumns": "98,160,112,99,163,113,127,116,166,98,160,112,162,133,81,82,98",
                        "endOffsets": "347,508,621,721,885,999,1127,1244,1411,1510,1671,1784,1947,2081,2163,2246,2345"
                    },
                    "to": {
                        "startLines": "29,30,31,32,33,34,35,36,38,39,40,41,42,43,44,45,46",
                        "startColumns": "4,4,4,4,4,4,4,4,4,4,4,4,4,4,4,4,4",
                        "startOffsets": "2662,2765,2926,3043,3147,3311,3429,3561,3840,4007,4110,4271,4388,4551,4689,4775,4862",
                        "endColumns": "102,160,116,103,163,117,131,120,166,102,160,116,162,137,85,86,102",
                        "endOffsets": "2760,2921,3038,3142,3306,3424,3556,3677,4002,4105,4266,4383,4546,4684,4770,4857,4960"
                    }
                }
            ]
        }
    ]
}