{
    "logs": [
        {
            "outputFile": "C:\\Users\\Niranjan PC\\Desktop\\Object Detection\\Android\\ThirdEye\\app\\build\\intermediates\\incremental\\mergeDebugResources\\merged.dir\\values-ro\\values-ro.xml",
            "map": [
                {
                    "source": "C:\\Users\\Niranjan PC\\.gradle\\caches\\transforms-2\\files-2.1\\e91594602c73eba9f0c6fb1745d43dba\\core-1.1.0\\res\\values-ro\\values-ro.xml",
                    "from": {
                        "startLines": "2",
                        "startColumns": "4",
                        "startOffsets": "55",
                        "endColumns": "100",
                        "endOffsets": "151"
                    },
                    "to": {
                        "startLines": "48",
                        "startColumns": "4",
                        "startOffsets": "5683",
                        "endColumns": "100",
                        "endOffsets": "5779"
                    }
                },
                {
                    "source": "C:\\Users\\Niranjan PC\\.gradle\\caches\\transforms-2\\files-2.1\\53af1f37d65227eb5bcf361cc28c52ea\\appcompat-1.1.0\\res\\values-ro\\values-ro.xml",
                    "from": {
                        "startLines": "2,3,4,5,6,7,8,9,10,11,12,13,14,15,16,17,18,19,20,21,22,23,24,25,26,27,28,29",
                        "startColumns": "4,4,4,4,4,4,4,4,4,4,4,4,4,4,4,4,4,4,4,4,4,4,4,4,4,4,4,4",
                        "startOffsets": "105,226,330,443,527,631,752,837,918,1009,1101,1196,1290,1391,1484,1579,1673,1764,1856,1938,2050,2158,2258,2372,2478,2584,2748,2851",
                        "endColumns": "120,103,112,83,103,120,84,80,90,91,94,93,100,92,94,93,90,91,81,111,107,99,113,105,105,163,102,82",
                        "endOffsets": "221,325,438,522,626,747,832,913,1004,1096,1191,1285,1386,1479,1574,1668,1759,1851,1933,2045,2153,2253,2367,2473,2579,2743,2846,2929"
                    },
                    "to": {
                        "startLines": "2,3,4,5,6,7,8,9,10,11,12,13,14,15,16,17,18,19,20,21,22,23,24,25,26,27,28,47",
                        "startColumns": "4,4,4,4,4,4,4,4,4,4,4,4,4,4,4,4,4,4,4,4,4,4,4,4,4,4,4,4",
                        "startOffsets": "105,226,330,443,527,631,752,837,918,1009,1101,1196,1290,1391,1484,1579,1673,1764,1856,1938,2050,2158,2258,2372,2478,2584,2748,5600",
                        "endColumns": "120,103,112,83,103,120,84,80,90,91,94,93,100,92,94,93,90,91,81,111,107,99,113,105,105,163,102,82",
                        "endOffsets": "221,325,438,522,626,747,832,913,1004,1096,1191,1285,1386,1479,1574,1668,1759,1851,1933,2045,2153,2253,2367,2473,2579,2743,2846,5678"
                    }
                },
                {
                    "source": "C:\\Users\\Niranjan PC\\.gradle\\caches\\transforms-2\\files-2.1\\5b125700d43ec4bd67ed283e8e34946d\\jetified-play-services-base-16.0.1\\res\\values-ro\\values.xml",
                    "from": {
                        "startLines": "4,5,6,7,8,9,10,11,12,13,14,15,16,17,18,19,20",
                        "startColumns": "0,0,0,0,0,0,0,0,0,0,0,0,0,0,0,0,0",
                        "startOffsets": "245,350,542,669,776,986,1116,1265,1399,1620,1728,1918,2048,2253,2445,2542,2635",
                        "endColumns": "104,191,126,106,209,129,148,133,220,107,189,129,204,191,96,92,106",
                        "endOffsets": "349,541,668,775,985,1115,1264,1398,1619,1727,1917,2047,2252,2444,2541,2634,2741"
                    },
                    "to": {
                        "startLines": "29,30,31,32,33,34,35,36,38,39,40,41,42,43,44,45,46",
                        "startColumns": "4,4,4,4,4,4,4,4,4,4,4,4,4,4,4,4,4",
                        "startOffsets": "2851,2960,3152,3283,3394,3604,3738,3891,4233,4454,4566,4756,4890,5095,5291,5392,5489",
                        "endColumns": "108,191,130,110,209,133,152,137,220,111,189,133,204,195,100,96,110",
                        "endOffsets": "2955,3147,3278,3389,3599,3733,3886,4024,4449,4561,4751,4885,5090,5286,5387,5484,5595"
                    }
                },
                {
                    "source": "C:\\Users\\Niranjan PC\\.gradle\\caches\\transforms-2\\files-2.1\\d014c553055b6d9fe1cb459e928379d0\\jetified-play-services-basement-16.1.0\\res\\values-ro\\values.xml",
                    "from": {
                        "startLines": "4",
                        "startColumns": "0",
                        "startOffsets": "247",
                        "endColumns": "203",
                        "endOffsets": "450"
                    },
                    "to": {
                        "startLines": "37",
                        "startColumns": "4",
                        "startOffsets": "4029",
                        "endColumns": "203",
                        "endOffsets": "4228"
                    }
                }
            ]
        }
    ]
}