{
    "logs": [
        {
            "outputFile": "C:\\Users\\Niranjan PC\\Desktop\\Object Detection\\Android\\ThirdEye\\app\\build\\intermediates\\incremental\\mergeDebugResources\\merged.dir\\values-uk\\values-uk.xml",
            "map": [
                {
                    "source": "C:\\Users\\Niranjan PC\\.gradle\\caches\\transforms-2\\files-2.1\\53af1f37d65227eb5bcf361cc28c52ea\\appcompat-1.1.0\\res\\values-uk\\values-uk.xml",
                    "from": {
                        "startLines": "2,3,4,5,6,7,8,9,10,11,12,13,14,15,16,17,18,19,20,21,22,23,24,25,26,27,28,29",
                        "startColumns": "4,4,4,4,4,4,4,4,4,4,4,4,4,4,4,4,4,4,4,4,4,4,4,4,4,4,4,4",
                        "startOffsets": "105,214,316,424,510,615,733,814,894,985,1077,1172,1266,1367,1460,1555,1650,1741,1832,1930,2036,2142,2240,2347,2454,2559,2729,2829",
                        "endColumns": "108,101,107,85,104,117,80,79,90,91,94,93,100,92,94,94,90,90,97,105,105,97,106,106,104,169,99,80",
                        "endOffsets": "209,311,419,505,610,728,809,889,980,1072,1167,1261,1362,1455,1550,1645,1736,1827,1925,2031,2137,2235,2342,2449,2554,2724,2824,2905"
                    },
                    "to": {
                        "startLines": "2,3,4,5,6,7,8,9,10,11,12,13,14,15,16,17,18,19,20,21,22,23,24,25,26,27,28,47",
                        "startColumns": "4,4,4,4,4,4,4,4,4,4,4,4,4,4,4,4,4,4,4,4,4,4,4,4,4,4,4,4",
                        "startOffsets": "105,214,316,424,510,615,733,814,894,985,1077,1172,1266,1367,1460,1555,1650,1741,1832,1930,2036,2142,2240,2347,2454,2559,2729,5544",
                        "endColumns": "108,101,107,85,104,117,80,79,90,91,94,93,100,92,94,94,90,90,97,105,105,97,106,106,104,169,99,80",
                        "endOffsets": "209,311,419,505,610,728,809,889,980,1072,1167,1261,1362,1455,1550,1645,1736,1827,1925,2031,2137,2235,2342,2449,2554,2724,2824,5620"
                    }
                },
                {
                    "source": "C:\\Users\\Niranjan PC\\.gradle\\caches\\transforms-2\\files-2.1\\d014c553055b6d9fe1cb459e928379d0\\jetified-play-services-basement-16.1.0\\res\\values-uk\\values.xml",
                    "from": {
                        "startLines": "4",
                        "startColumns": "0",
                        "startOffsets": "247",
                        "endColumns": "204",
                        "endOffsets": "451"
                    },
                    "to": {
                        "startLines": "37",
                        "startColumns": "4",
                        "startOffsets": "3998",
                        "endColumns": "204",
                        "endOffsets": "4198"
                    }
                },
                {
                    "source": "C:\\Users\\Niranjan PC\\.gradle\\caches\\transforms-2\\files-2.1\\e91594602c73eba9f0c6fb1745d43dba\\core-1.1.0\\res\\values-uk\\values-uk.xml",
                    "from": {
                        "startLines": "2",
                        "startColumns": "4",
                        "startOffsets": "55",
                        "endColumns": "100",
                        "endOffsets": "151"
                    },
                    "to": {
                        "startLines": "48",
                        "startColumns": "4",
                        "startOffsets": "5625",
                        "endColumns": "100",
                        "endOffsets": "5721"
                    }
                },
                {
                    "source": "C:\\Users\\Niranjan PC\\.gradle\\caches\\transforms-2\\files-2.1\\5b125700d43ec4bd67ed283e8e34946d\\jetified-play-services-base-16.0.1\\res\\values-uk\\values.xml",
                    "from": {
                        "startLines": "4,5,6,7,8,9,10,11,12,13,14,15,16,17,18,19,20",
                        "startColumns": "0,0,0,0,0,0,0,0,0,0,0,0,0,0,0,0,0",
                        "startOffsets": "245,351,546,671,779,992,1119,1260,1390,1617,1721,1914,2037,2243,2411,2507,2594",
                        "endColumns": "105,194,124,107,212,126,140,129,226,103,192,122,205,167,95,86,112",
                        "endOffsets": "350,545,670,778,991,1118,1259,1389,1616,1720,1913,2036,2242,2410,2506,2593,2706"
                    },
                    "to": {
                        "startLines": "29,30,31,32,33,34,35,36,38,39,40,41,42,43,44,45,46",
                        "startColumns": "4,4,4,4,4,4,4,4,4,4,4,4,4,4,4,4,4",
                        "startOffsets": "2829,2939,3134,3263,3375,3588,3719,3864,4203,4430,4538,4731,4858,5064,5236,5336,5427",
                        "endColumns": "109,194,128,111,212,130,144,133,226,107,192,126,205,171,99,90,116",
                        "endOffsets": "2934,3129,3258,3370,3583,3714,3859,3993,4425,4533,4726,4853,5059,5231,5331,5422,5539"
                    }
                }
            ]
        }
    ]
}