{
    "logs": [
        {
            "outputFile": "C:\\Users\\Niranjan PC\\Desktop\\Object Detection\\Android\\ThirdEye\\app\\build\\intermediates\\incremental\\mergeDebugResources\\merged.dir\\values-b+sr+Latn\\values-b+sr+Latn.xml",
            "map": [
                {
                    "source": "C:\\Users\\Niranjan PC\\.gradle\\caches\\transforms-2\\files-2.1\\e91594602c73eba9f0c6fb1745d43dba\\core-1.1.0\\res\\values-b+sr+Latn\\values-b+sr+Latn.xml",
                    "from": {
                        "startLines": "2",
                        "startColumns": "4",
                        "startOffsets": "55",
                        "endColumns": "100",
                        "endOffsets": "151"
                    },
                    "to": {
                        "startLines": "48",
                        "startColumns": "4",
                        "startOffsets": "5581",
                        "endColumns": "100",
                        "endOffsets": "5677"
                    }
                },
                {
                    "source": "C:\\Users\\Niranjan PC\\.gradle\\caches\\transforms-2\\files-2.1\\d014c553055b6d9fe1cb459e928379d0\\jetified-play-services-basement-16.1.0\\res\\values-b+sr+Latn\\values.xml",
                    "from": {
                        "startLines": "4",
                        "startColumns": "0",
                        "startOffsets": "254",
                        "endColumns": "188",
                        "endOffsets": "442"
                    },
                    "to": {
                        "startLines": "37",
                        "startColumns": "4",
                        "startOffsets": "3987",
                        "endColumns": "188",
                        "endOffsets": "4171"
                    }
                },
                {
                    "source": "C:\\Users\\Niranjan PC\\.gradle\\caches\\transforms-2\\files-2.1\\5b125700d43ec4bd67ed283e8e34946d\\jetified-play-services-base-16.0.1\\res\\values-b+sr+Latn\\values.xml",
                    "from": {
                        "startLines": "4,5,6,7,8,9,10,11,12,13,14,15,16,17,18,19,20",
                        "startColumns": "0,0,0,0,0,0,0,0,0,0,0,0,0,0,0,0,0",
                        "startOffsets": "252,356,544,668,776,989,1114,1252,1379,1587,1692,1883,2008,2216,2384,2478,2569",
                        "endColumns": "103,187,123,107,212,124,137,126,207,104,190,124,207,167,93,90,104",
                        "endOffsets": "355,543,667,775,988,1113,1251,1378,1586,1691,1882,2007,2215,2383,2477,2568,2673"
                    },
                    "to": {
                        "startLines": "29,30,31,32,33,34,35,36,38,39,40,41,42,43,44,45,46",
                        "startColumns": "4,4,4,4,4,4,4,4,4,4,4,4,4,4,4,4,4",
                        "startOffsets": "2836,2944,3132,3260,3372,3585,3714,3856,4176,4384,4493,4684,4813,5021,5193,5291,5386",
                        "endColumns": "107,187,127,111,212,128,141,130,207,108,190,128,207,171,97,94,108",
                        "endOffsets": "2939,3127,3255,3367,3580,3709,3851,3982,4379,4488,4679,4808,5016,5188,5286,5381,5490"
                    }
                },
                {
                    "source": "C:\\Users\\Niranjan PC\\.gradle\\caches\\transforms-2\\files-2.1\\53af1f37d65227eb5bcf361cc28c52ea\\appcompat-1.1.0\\res\\values-b+sr+Latn\\values-b+sr+Latn.xml",
                    "from": {
                        "startLines": "2,3,4,5,6,7,8,9,10,11,12,13,14,15,16,17,18,19,20,21,22,23,24,25,26,27,28,29",
                        "startColumns": "4,4,4,4,4,4,4,4,4,4,4,4,4,4,4,4,4,4,4,4,4,4,4,4,4,4,4,4",
                        "startOffsets": "105,212,313,419,505,609,731,816,899,990,1082,1177,1271,1372,1465,1560,1665,1756,1847,1932,2037,2143,2246,2353,2462,2569,2739,2836",
                        "endColumns": "106,100,105,85,103,121,84,82,90,91,94,93,100,92,94,104,90,90,84,104,105,102,106,108,106,169,96,85",
                        "endOffsets": "207,308,414,500,604,726,811,894,985,1077,1172,1266,1367,1460,1555,1660,1751,1842,1927,2032,2138,2241,2348,2457,2564,2734,2831,2917"
                    },
                    "to": {
                        "startLines": "2,3,4,5,6,7,8,9,10,11,12,13,14,15,16,17,18,19,20,21,22,23,24,25,26,27,28,47",
                        "startColumns": "4,4,4,4,4,4,4,4,4,4,4,4,4,4,4,4,4,4,4,4,4,4,4,4,4,4,4,4",
                        "startOffsets": "105,212,313,419,505,609,731,816,899,990,1082,1177,1271,1372,1465,1560,1665,1756,1847,1932,2037,2143,2246,2353,2462,2569,2739,5495",
                        "endColumns": "106,100,105,85,103,121,84,82,90,91,94,93,100,92,94,104,90,90,84,104,105,102,106,108,106,169,96,85",
                        "endOffsets": "207,308,414,500,604,726,811,894,985,1077,1172,1266,1367,1460,1555,1660,1751,1842,1927,2032,2138,2241,2348,2457,2564,2734,2831,5576"
                    }
                }
            ]
        }
    ]
}